video_id,title,publishedAt,channelId,channelTitle,categoryId,trending_date,tags,view_count,likes,dislikes,comment_count,thumbnail_link,comments_disabled,ratings_disabled,description
"vofjeJvRT9c","NCT DREAM ÏóîÏãúÌã∞ ÎìúÎ¶º 'Ridin'' MV","2020-04-29T09:00:39Z","UCEf_Bc-KVd7onSeifS3py9g","SMTOWN","10","20.03.05","[none]","13017286","1328517","16569","250142","https://i.ytimg.com/vi/vofjeJvRT9c/default.jpg","False","False","NCT DREAM's new album Reload is out!Listen and download on your favorite platform: http://smarturl.it/NCTDREAM_Reload[Tracklist]01 Ridin'02 Quiet Down03 ÎÇ¥Í≤å ÎßêÌï¥Ï§ò (7 Days)04 ÏÇ¨ÎûëÏùÄ ÎòêÎã§Ïãú (Love Again)05 ÎÑàÏùò ÏûêÎ¶¨ (Puzzle Piece)NCT DREAM Officialhttp://nctdream.smtown.comhttp://www.youtube.com/nctdreamhttp://www.facebook.com/NCTDREAM.smtownhttp://www.instagram.com/nct_dreamhttp://twitter.com/NCTsmtown_DREAM #NCTDREAM #Reload #RidinNCT DREAM ÏóîÏãúÌã∞ ÎìúÎ¶º 'Ridin'' MV ‚Ñó SM Entertainment"
"u-rYeoGml6k","RIA'S SNACK TIME - CEMILAN 2020","2020-05-01T11:00:15Z","UCepgnl-TtJ8DurHdC6EE22w","Ria SW","24","20.03.05","tahu garing|ceker mercon|rujak|sempol|pedas","1367028","126414","1330","8425","https://i.ytimg.com/vi/u-rYeoGml6k/default.jpg","False","False","WARNING:Aku syuting ini 3 hari setelah balik dari Korea (awal Feb 2020). Yup, ini sebelum masa-masa kita harus stay home, social distancing dan bulan Ramadhan.‚Äî‚Äî‚Äî‚Äî‚Äî‚ÄîAku harap kalian suka ketika coba semua cemilan aku di tahun 2020 ini ‚Äî masih terlalu awal untuk merangkum cemilan dalam satu tahun tapi untuk saat ini, aku lagi suka sama keempat cemilan yang ada di video. Kalian bisa delivery karena mereka ada di aplikasi pesan antar online.BTW untuk yang tahu garing, entah kenapa rasa tiap cabang berbeda ‚Äî ukurannya pun juga berbeda.Sebenarnya aku agak ragu untuk upload stok video terakhir ini. Takut banyak yang salah sangka. Soalnya rata-rata pada gak baca alias malas baca kolom deskripsi. Ya udah lah yah hahaha.Oh, seperti yang aku bilang -- ini stok video terakhir. Itu artinya aku harus segera syuting lagi dengan konten baru (bukan jalan-jalan ke luar). Jadi untuk sementara aku akan upload video dua minggu sekali yah di jam 6 sore (selama bulan Ramadhan).Semoga aku dapat ilham untuk bisa bikin video dan ketemu kalian di sini huhuhu.Q: Apa Kak Ia baik-baik aja?A: Iya, kabar aku baik. Tapi sekarang wajahku lagi gatel-gatel banget! Sampai merah dan bentol-bentol. Entah karena apa huaaa... Sedang berusaha mengobatinya dengan tidak pakai apa-apa (secara gak bisa treatment di klinik atau di manapun hahaha). Bahkan saat nulis ini aja, aku sambil usap-usap dagu yang gatal hhhhh.Kita ketemu dua minggu lagi yah. Doakan semoga mukaku segera sembuh biar bisa segera syuting.Kalian jaga kesehatan dan kebersihan yah~Mari saling menjaga satu sama lain dan melewati ini bersama.Selamat menunaikan ibadah puasa ;)Lancar-lancar yah!xoxo,RSW"
"G1z3cfW1qY8","SUCI 4 - Stand Up Comedy Dodit: PECAH! Saya Jawa, tapi Megang Erat Budaya Eropa","2020-04-29T08:02:12Z","UC8zZ084em5pohjs6kk2Bpaw","Stand Up Kompas TV","25","20.03.05","DODIT KOMIKA|KOMIKA DODIT|DODIT|STAND UP COMEDY INDONESIA|SUCI 4","3380162","69917","2362","3804","https://i.ytimg.com/vi/G1z3cfW1qY8/default.jpg","False","False","Dodit Wahyudi Mulyanto atau lebih dikenal dengan Dodit merupakan kontestan dari Stand Up Comedy Indonesia (SUCI) 4. Ciri khas yang paling mudah diingat dalam penampilan Dodit saat di panggung adalah pembawaannya yang kalem dan membawa biola, meski kadang tidak dimainkan.---------------------------------------------------------------------------------------------------SUCI 9 akan kembali lagi untuk menemani para pecinta setia Stand Up Comedy Indonesia, setelah vakum selama 1 tahun.Sambil menunggu hadirnya SUCI 9 di layar kaca, tim KompasTV akan menampilkan kembali video-video yang menarik sekaligus mengundang tawa para penonton Stand Up Comedy.SUCI akan bernostalgia melalui tayangan video dari SUCI 1 sampai SUCI 8.Tentunya dengan penampilan dari komika-komika ternama, yang pada waktu itu sedang merintis karier mereka.Untuk para pecinta SUCI yang mau request upload, silakan tinggalkan komen di bawah ya.Follow Stand Up Comedy KompasTV di Instagram: @sucikompastv untuk tahu informasi-informasi terupdate Stand Up Comedy Kompas TV, termasuk jadwal audisi.#DoditMulyanto #SUCI4 #Dodit"
"lSJhL2JLUmE","31 IDE MAKANAN MENGGIURKAN YANG PASTI KAMU INGIN COBA","2020-05-01T01:00:11Z","UClIYfCAhMAlacxT0e_sl1uA","Kerajinan 5-Menit","26","20.03.05","proyek diy|kerajinan|howto|tutorial|handcraft|tips|5-menit kerajinan|kerajinan 5 menit|trik|hacks hidup|diy|lakukan sendiri|kegiatan diy|sederhana peretasan hidup|hacks kehidupan mudah|hal-hal yang berguna|lifehacks","1876539","16211","2450","794","https://i.ytimg.com/vi/lSJhL2JLUmE/default.jpg","False","False","IDE DAN RESEP MAKANAN MENAKJUBKAN YANG AKAN MEMBUATMU TERGIURApa kamu sedang mencari cara untuk membuat resepmu lebih enak? Di video ini, aku akan menunjukkan ide-ide sederhana dari para koki terbaik.Aku akan menunjukkan cara membuat es krim lezat menggunakan rasa dari Skittles. Kamu cukup memisahkan Skittles per warna dan haluskan di blender. Lalu, masukkan campuran es krim vanila, dan terakhir, lapisi di dalam wadah.Jika kamu ingin mengadakan pesta dengan mengundang teman, cukup tuangkan Coca-Cola dan gelatin. Lalu tuangkan campuran itu ke cetakan es dan sajikan untuk tamumu.Ide es loli enak lainnya adalah mencampurkan permen gummy bear dengan Sprite lalu membekukannya. Kemudian, sajikan kepada teman-temanmu.Aku akan menunjukkan resep kue paling sederhana menggunakan cokelat leleh dan tepung.Kamu juga bisa menggunakan cokelat leleh untuk membuat bahan dasar mi cokelat dan mengisinya menggunakan krim kocok di atas. Cukup isi gelas dengan air dingin dan lelehkan cokelat tadi. Kemudian, tuangkan ke atas air dingin dan beres.Urutan waktu:0:07 ‚Äì Es krim Skittles nikmat1:14 ‚Äì Camilan Coca-Cola2:20 ‚Äì Kerucut es krim mangga mawar brilian5:12 ‚Äì Kukis cokelat enak6:53 ‚Äì Ide dekorasi makanan8:45 ‚Äì Cokelat stroberi nikmat11:40 ‚Äì Cara membuat selai kacang14:38 ‚Äì DIY mangkuk cokelat yang bisa dimakan16:04 ‚Äì Camilan pusaran cokelatVideo ini dibuat untuk tujuan hiburan. Kami tidak membuat jaminan mengenai kelengkapan, keamanan, dan keandalan. Setiap tindakan yang Anda ambil berdasarkan informasi pada video ini sepenuhnya menjadi risiko Anda sendiri, dan kami tidak akan bertanggung jawab atas kerusakan atau kerugian apa pun. Menjadi tanggung jawab penonton agar bertindak penuh pertimbangan, kewaspadaan, dan kehati-hatian apabila Anda berencana meniru.Video berikut ini mungkin menampilkan kegiatan yang dilakukan oleh aktor kami dalam lingkungan yang terkendali ‚Äì harap bertindak penuh pertimbangan, kewaspadaan, dan kehati-hatian apabila Anda hendak meniru.---------------------------------------------------------------------------Berlangganan Kerajinan 5-Menit: https://bit.ly/2Qnqq0zSisi Terang: https://bit.ly/2Nm9iGt123 GO! Indonesian: https://bit.ly/2Qq5iGV123 GO! Challenge Indonesian: https://bit.ly/37ePHQi Sosial Media Kami:Facebook: https://www.facebook.com/Kerajinan-5-Menit-546460062546004/---------------------------------------------------------------------------Musik oleh Epidemic Sound: ‚Äã‚Äã‚Äã‚Äã‚Äã‚Äã‚Äãhttps://www.epidemicsound.com/Materi stok (foto, rekaman, dan lain-lain): https://www.depositphotos.com"
"Dz4qJ0cFoJw","NCT DREAM - Ridin‚Äô [Music Bank / 2020.05.01]","2020-05-01T09:12:57Z","UC5BMQOsAB8hKUyHu9KI6yig","KBS World","24","20.03.05","kbs|kbsworld|kbs world|ÈüìÊµÅ|ÊîæÈÄÅ|Èü©ÂõΩÁªºËâ∫|Èü©ÂõΩÁîµËßÜÂâß|truy·ªÅn h√¨nh H√†n Qu·ªëc|‡∏õ‡∏£‡∏∞‡πÄ‡∏ó‡∏®‡πÄ‡∏Å‡∏≤‡∏´‡∏•‡∏µ‡πÉ‡∏ï‡πâ|‡∏•‡∏∞‡∏Ñ‡∏£|Corea|Cor√©e|drama|ÿØÿ±ÿßŸÖÿß|ÿØÿ±ÿßŸÖÿß ŸÉŸàÿ±Ÿäÿ©|kbskpop|yt:cc=on|NCT DREAM|Ridin‚Äô|Music Bank|MusivBank|Mubang|Music Bank eng|Music Bank sub|MusicBank eng sub|ÎÆ§ÏßÅÎ±ÖÌÅ¨|ÎÆ§Î±Ö|ÏºÄÏù¥Ìåù|K-POP|Korean idol|kpop|kpop idol|ÎùºÏù¥Î∏å|South Korea|idol stage|K-Music","1520073","221527","1410","10612","https://i.ytimg.com/vi/Dz4qJ0cFoJw/default.jpg","False","False","Click the Caption button to activate subtitle!‚ñ∂Full EpisodesMusic Bank clips:https://www.youtube.com/playlist?list=PLEC6C5307EE979510Music Bank interviews & winning moments:https://www.youtube.com/playlist?list=PLMf7VY8La5RHEIZ71XBEU9t9HQNKqm83YThe Return of Superman:https://www.youtube.com/playlist?list=PLMf7VY8La5RFIeOyIZ5IOm68WVb7c2dyTJung Hae In‚Äôs Travel Loghttps://www.youtube.com/playlist?list=PLMf7VY8La5RFY8ct1WvLBzT7CiiK8wmcRDogs are incredible:https://www.youtube.com/playlist?list=PLMf7VY8La5RHyRoQL25aDHMIyqG6qmvbsStars' Top Recipe at Fun-Staurant:https://www.youtube.com/playlist?list=PLMf7VY8La5RGn0amdjSh8_3rU4zcApL3NUnasked Family:https://www.youtube.com/playlist?list=PLMf7VY8La5RHOrGquk0-VpaVNW1J1vLh5The Miracle We Met:https://www.youtube.com/playlist?list=PLMf7VY8La5RFRfeoLBQ-VtoLB3oPlMeTt2019 KBS Entertainment Awards:https://www.youtube.com/playlist?list=PLMf7VY8La5RGnJHJGzauxYolX6bel3k8J2019 KBS Song Festival: https://www.youtube.com/playlist?list=PLMf7VY8La5RF_MYEdtuaOYEu5C7CYx3RH2019 KBS Drama Awardshttps://www.youtube.com/playlist?list=PLMf7VY8La5RFZMWAuf21ilSwE6cDdEMh_When you are now sure what to watch:https://www.youtube.com/playlist?list=PLMf7VY8La5REjpb94an3gNiRHYJOx8fz8‚ñ∂Subscribe KBS World Official PagesYoutube SubscribeÔºöhttps://www.youtube.com/kbsworldHomepage: http://www.kbsworld.co.kr Facebook: http://www.facebook.com/kbsworldTwitter: http://twitter.com/kbsworldtv Instagram: https://www.instagram.com/kbsworldtv/Line: https://goo.gl/g5iRQVAndroid Download : http://bit.ly/1NOZFKrIOS Download : http://apple.co/1NktctW"
"WrtPWIMafpI","Tausiah Ustadz Abdul Somad Bagi Masjid-masjid yang Melaksanakan Ibadah Berjamaah Saat Pandemi Corona","2020-04-28T23:00:10Z","UCYEa4_MC7OFjcWrO6SO-u8g","Indonesia Lawyers Club","25","20.03.05","tvone|tv one|tvonenews|indonesia lawyers club|ilc|indonesia lawyers club tvone|ilc tvone|karni ilyas|ilc tv one|debat|dialog|ilc terbaru|indonesia lawyers club terbaru|ilc tadi malam|ilc terbaru tadi malam|tvonenews.com|berita viral|berita terbaru|berita terkini|tvone live|PSBB|Ibadah Puasa|Ramadhan|Mudik lebaran|Larangan mudik pak jokowi|ILCIbadahSampaiMudik|Tidak boleh mudik|Mudik 2020|Mudik|Larangan mudik|ustadz abdul somad|UAS|Abdul Somad","2398016","54820","2971","12013","https://i.ytimg.com/vi/WrtPWIMafpI/default.jpg","False","False","Jakarta, tvOnenews.com - PSBB telah diterapkan di sejumlah daerah zona merah, pembatasan kegiatan keagamaan hingga yang terbaru, larangan mudik. Polemik pun muncul di tengah masyarakat, pro dan kontra tak bisa dihindari. Siapkah kita memutus mata rantai penyebaran virus corona? Saksikan Indonesia Lawyers Club ILC tvOne dengan tema ‚ÄúDi Tengah Wabah Corona: Dari Ibadah Sampai Mudik‚Äù. Selasa 28 April 2020.#ILCIbadahSampaiMudik #ILC #Mudik"
"T_qhMdDXPg0","MASYA ALLAH! Benarkah ini Pertanda Corona akan Berakhir? - Syekh Ali Jaber | religiOne","2020-05-02T12:00:28Z","UCasMZGvChuKk6mIKIsCICJw","religiOne","27","20.03.05","tvone|tvonenews|religione|damai indonesiaku|damai indonesiaku tvone|rumah mamah dedeh tvone|assalamualaikum nusantara tvone|uas|ceramah agama|tabligh|islam|kajian islam|dakwah islam|kajian uas|ustadz abdul somad|tvonenews.com|tv one|bintang tsurayya|syekh ali jaber|MASYA ALLAH! Benarkah ini Pertanda Corona akan Berakhir? - Syekh Ali Jaber | religiOne|Benarkah ini Pertanda Corona akan Berakhir|Pertanda Corona akan Berakhir|religione tvone|corona berakhir","353217","6761","310","629","https://i.ytimg.com/vi/T_qhMdDXPg0/default.jpg","False","False","Jakarta, tvOnenews.com - MASYA ALLAH! Benarkah ini Pertanda Corona akan Berakhir? - Syekh Ali Jaber | religiOneUlama Syekh Ali Jaber mengimbau kepada umat muslim di Indonesia untuk melaksanakan ibadah dari rumah. Terutama saat melaksanakan ibadah selama bulan suci Ramadhan di tengah pandemi Corona. Beliau menyampaikan dalam konferensi pers yang dilakukan BNPB pada 21 April 2020. Syekh Ali Jaber mengatakan saat penyakit mewabah seperti virus Corona, solusi yang paling tepat adalah tetap berada di rumah dengan beribadah di rumah. Lalu bagaimana dengan unggahan viral tentang bintang yang menandakan akan berakhir wabah corona ini? Yuk simak video diatas selengkapnya. #SyekhAliJaber #PertandaWabahAkanBerakhir #BintangTrsurayya #WabahCorona #religiOnetvOne"
"dIAGRyld3xY","Reaksi Verrel ditanya soal Wilona! #TidurBarengBoy","2020-05-01T12:00:21Z","UCdpxBSzxXGz_J4K30YGvk_Q","Boy William","24","20.03.05","verrelbramasta|boywilliam|natahsawilona|febbyrastanty|nebengboy|tidurbarengboy","474853","17158","548","3240","https://i.ytimg.com/vi/dIAGRyld3xY/default.jpg","False","False",""
"Qt-paEvtY-E","PRANK FEBBY !!! FEBBY SANGAT TAKUT DAN PANIK !!! PART 2","2020-05-02T16:29:47Z","UC7cTuJ22N0iIuEdYrEiMHTg","VRL Bramasta","24","20.03.05","vlog|verrell bramasta|prank|challenge|artis|indonesia|fever|febby|febbyverrell|verrell|menangis","533817","32967","1310","9027","https://i.ytimg.com/vi/Qt-paEvtY-E/default.jpg","False","False","PRANK FEBBY !!! PART 2Kali ini Febby Sampai memohon dan meneteskan air mata.kalian penasaran kan apa yang terjadi dengan Febby?saksikan V-log yang PART 2 ini, jangan di skip-skip yaa."
"BC6F6Uxw1G0","Jokowi Diuji Pandemi - Jokowi: Mudik dan Pulang Kampung Itu Beda (Part 2) | Mata Najwa","2020-04-22T23:33:15Z","UCo8h2TY_uBkAVUIc14m_KCA","Najwa Shihab","25","20.03.05","[none]","5858032","98296","12439","69338","https://i.ytimg.com/vi/BC6F6Uxw1G0/default.jpg","False","False","Soal mudik, data Kementerian Perhubungan menyatakan sudah ada 900 ribu orang yang curi start untuk mudik dari Jakarta. Kata Jokowi, itu pulang kampung. Apa bedanya?Menghadapi pandemi, muncul baku debat soal aturan mudik dilarang atau tidak. Data Kementerian Perhubungan menyatakan 900 ribu sudah kembali ke daerahnya dari Jakarta. Menurut Presiden Jokowi, itu bukan mudik, tapi pulang kampung.‚ÄúKalau itu bukan mudik. Itu namanya pulang kampung. Memang bekerja di Jabodetabek, di sini sudah tidak ada pekerjaan lalu mereka pulang karena anak istrinya memang ada di kampung,‚Äù kata Jokowi.#VirusCorona #MataNajwa #KapalApi #diKLIKaja(Narasi)Tonton juga Mata Najwa eps. [Jokowi Diuji Pandemi] dan episode lainnya di https://www.narasi.tv atau klik link di bawah.Part 1: https://bit.ly/2Y3jppDPart 2: https://bit.ly/2yvympzPart 3: https://bit.ly/2zmQsdSPart 4: https://bit.ly/2yDjzJGPart 5: https://bit.ly/2VtcjszPart 6: https://bit.ly/2Vrua3gPart 7: https://bit.ly/2RTskpFJangan lupa subscribe, tinggalkan komentar dan share.Tonton konten lainnya juga di YouTube Channel:- Narasi http://bit.ly/SubscribeYouTubeNarasi- Narasi Newsroom http://bit.ly/SubscribeNarasiNewsroom- Narasi Entertainment http://bit.ly/SubscribeYTNarasiEntertainment- Narasi Stories http://bit.ly/SubscribeNarasiStories- Narasi Talks http://bit.ly/SubscribeNarasiTalks- Narasi Sports http://bit.ly/SubscribeNarasiSportsJangan lupa subscribe yaa..Follow:https://www.instagram.com/najwashihabhttps://twitter.com/NajwaShihabhttps://www.facebook.com/najwashihabofficial"
"sYrs1F1_hoE","[Ïáº! ÏùåÏïÖÏ§ëÏã¨] ÏóîÏãúÌã∞ ÎìúÎ¶º -ÎùºÏù¥Îî© (NCT Dream -Ridin') 20200502","2020-05-02T07:56:47Z","UCe52oeb7Xv_KaJsEzcKXJJg","MBCkpop","10","20.03.05","ÏáºÏùåÏïÖÏ§ëÏã¨|ÎùºÏù¥Îî©|ÏóîÏãúÌã∞ÎìúÎ¶º|Îü∞Ï•î|Ï†úÎÖ∏|Ìï¥Ï∞¨|Ïû¨ÎØº|Ï≤úÎü¨|ÏßÄÏÑ±|ÏùåÏïÖÏ§ëÏã¨|ÏùåÏ§ë|Ïáº!ÏùåÏïÖÏ§ëÏã¨|Ïáº! ÏùåÏïÖÏ§ëÏã¨|ÏáºÏùåÏ§ë","511596","90670","275","4516","https://i.ytimg.com/vi/sYrs1F1_hoE/default.jpg","False","False","‚òÖ‚òÖ‚òÖMore ‚ÄúShow Music Core‚Äù clips are available‚òÖ‚òÖ‚òÖiMBC   http://www.imbc.com/broad/tv/ent/musiccore/vod/index.htmlWAVVEhttps://www.wavve.com/player/vod?programid=M_1000788100000100000&page="
"XHryQk9T04w","Inilah Kandidat Pengganti Kim Jong Un","2020-04-24T04:06:10Z","UCGN9JsnkvK05v2lnTI_-uGA","CNBC Indonesia","22","20.03.05","cnbc indonesia|ekonomi|bisnis|indonesia|kim jong un|internasional|korea|corona viru|virus corona","3881160","30109","3087","8316","https://i.ytimg.com/vi/XHryQk9T04w/default.jpg","False","False","Baru-baru ini beredar kabar bahwa Kim Jong Un, pemimpin Korea Utara sakit parah dan kondisinya kritis pasca melakukan prosedur kardiovaskular (jantung). Semenjak saat itu, informasi yang simpang siur memicu spekulasi mengenai kesehatan Kim Jong Un. Namun terdapat informasi menarik di balik hal tersebut, di mana media berhasil menghimpun siapa yang kira-kira akan mengambil alih kursi pemimpin negara jika Kim Jong Un sakit parah atau bahkan meninggal dunia. Dari seluruh calon, terdapat 2 kandidat wanita yang diperkirakan bisa saja memimpin Korea Utara. Siapa saja mereka?Simak pemaparan Daniel Wiguna mengenai kandidat pengganti Kim Jong Un dalam program Squawk Box di CNBC Indonesia (Jumat, 24/04/2020) berikut ini.Terus ikuti berita ekonomi bisnis dan analisis mendalam hanya di https://www.cnbcindonesia.com/.CNBC Indonesia terafiliasi dengan CNBC Internasional dan beroperasi di bawah grup Transmedia dan tergabung bersama Trans TV, Trans7, Detikcom, Transvision, CNN Indonesia dan CNN Indonesia.com.CNBC Indonesia dapat dinikmati melalui tayangan Transvision channel 805 atau streaming melalui aplikasi CNBC Indonesia yang dapat di download di playstore atau iOS.Follow us on social:Twitter: https://twitter.com/cnbcindonesiaFacebook Page: https://www.facebook.com/CNBCIndonesia/Instagram: https://www.instagram.com/cnbcindonesia/"
"6TA2NZRyic0","NCT DREAM ÏóîÏãúÌã∞ ÎìúÎ¶º 'Ridin'' MV Teaser","2020-04-28T09:00:03Z","UCEf_Bc-KVd7onSeifS3py9g","SMTOWN","10","20.03.05","[none]","1954453","334017","3272","18279","https://i.ytimg.com/vi/6TA2NZRyic0/default.jpg","False","False","NCT DREAM's new album Reload is out!Listen and download on your favorite platform: http://smarturl.it/NCTDREAM_ReloadNCT DREAM Officialhttp://nctdream.smtown.comhttp://www.youtube.com/nctdreamhttp://www.facebook.com/NCTDREAM.smtownhttp://www.instagram.com/nct_dreamhttp://twitter.com/NCTsmtown_DREAM #NCTDREAM #Reload #RidinNCT DREAM ÏóîÏãúÌã∞ ÎìúÎ¶º 'Ridin'' MV Teaser ‚Ñó SM Entertainment"
"bUlMcru--gA","Gara-gara Video TikTok, Mereka Dipecat dan Dikeluarkan dari Sekolah?","2020-05-01T05:30:02Z","UCgiO267R4Qo-SJF2UzH5ccQ","The Shiny Peanut","22","20.03.05","tiktok|tiktok viral|mark albertus|bandara|arpita cnaundhary|polisi|brianna raelene","698751","16906","697","2474","https://i.ytimg.com/vi/bUlMcru--gA/default.jpg","False","False","For business inquiries please contact : theshinypeanut.official@gmail.comFollow Instagram tsp : https://www.instagram.com/tsp_id/For copyright matters please contact us at: theshinypeanut.official@gmail.comDisclaimer- Some contents are used for educational purpose under fair use. Copyright Disclaimer Under Section 107 of the Copyright Act 1976, allowance is made for fair use for purposes such as criticism, comment, news reporting, teaching, scholarship, and research. Fair use is a use permitted by copyright statute that might otherwise be infringing. Non-profit, educational or personal use tips the balance in favor of fair use."
"JFHHzLixfXA","Jokowi Diuji Pandemi: Didesak Mundur, Menkes Terawan Dipuji Jokowi (Part 1) | Mata Najwa","2020-04-22T23:33:06Z","UCo8h2TY_uBkAVUIc14m_KCA","Najwa Shihab","25","20.03.05","[none]","3995340","62902","5083","27512","https://i.ytimg.com/vi/JFHHzLixfXA/default.jpg","False","False","Menteri Kesehatan Terawan Agus Putranto kerap jadi sorotan kala pandemi COVID-19 ini. Bagaimana Presiden Jokowi menilai kinerjanya?Cara Menteri Kesehatan Terawan Agus Putranto tangani wabah COVID-19 dikritik berbagai pihak. Bagaimana bila yang menilai atasannya sendiri, yakni Presiden Joko Widodo?‚ÄúTidak ada yang sempurna di dunia ini. Kalau ada yang kecewa, itu wajar. Setiap pekerjaan ada yang menilai, setiap keputusan ada risikonya, yang ditangani menkes itu bukan hanya COVID, ada juga yang lain, misalnya demam berdarah. Saya melihat Dokter Terawan sudah bekerja sangat keras,‚Äù kata Presiden Jokowi.#VirusCorona #MataNajwa #KapalApi #diKLIKaja(Narasi)Tonton juga Mata Najwa eps. [Jokowi Diuji Pandemi] dan episode lainnya di https://www.narasi.tv atau klik link di bawah.Part 1: https://bit.ly/2Y3jppDPart 2: https://bit.ly/2yvympzPart 3: https://bit.ly/2zmQsdSPart 4: https://bit.ly/2yDjzJGPart 5: https://bit.ly/2VtcjszPart 6: https://bit.ly/2Vrua3gPart 7: https://bit.ly/2RTskpFJangan lupa subscribe, tinggalkan komentar dan share.Tonton konten lainnya juga di YouTube Channel:- Narasi http://bit.ly/SubscribeYouTubeNarasi- Narasi Newsroom http://bit.ly/SubscribeNarasiNewsroom- Narasi Entertainment http://bit.ly/SubscribeYTNarasiEntertainment- Narasi Stories http://bit.ly/SubscribeNarasiStories- Narasi Talks http://bit.ly/SubscribeNarasiTalks- Narasi Sports http://bit.ly/SubscribeNarasiSportsJangan lupa subscribe yaa..Follow:https://www.instagram.com/najwashihabhttps://twitter.com/NajwaShihabhttps://www.facebook.com/najwashihabofficial"
"d7g26XUvmm4","Saat Makanan Adalah Sahabatmu! || Kiat dan Prank Makanan yang Ingin Kamu Coba","2020-04-22T12:51:29Z","UCGXnDxirLuSrIHwQXWxRzeg","123 GO! Like Indonesian","24","20.03.05","123 go|123 GO!|123 GO! Like|123 GO! Like Indonesian|123GO!|123go|keisengan|menyenangkan|te-man|bersahabat|tutorial|cara|makanan|kiat makanan|prank makanan|tips makanan|kiat malas|kiat dapur|trik makanan|kiat memasak|prank bisa dimakan|bisa dimakan|perang prank|kiat sehari-hari makanan|menjaili teman|prank terbaik|prank makanan lucu|diy makanan|diy prank|ide prank|kiat makanan cepat saji|trik makanan cepat saji","4291468","33415","6427","2439","https://i.ytimg.com/vi/d7g26XUvmm4/default.jpg","False","False","KIAT MAKANAN UNTUK ORANG MALAS DAN IDE PRANK MAKANAN SERUApa makanan segalanya bagimu? Jika makanan seperti sahabatmu... video ini cocok untukmu!Siapkan nafsu makanmu karena kami telah mengumpulkan kiat makanan keren yang kamu butuhkan.Kita semua suka tertawa dan menjaili teman pasti lucu! Buat temanmu terkejut dengan ide prank makanan sederhana tapi genius ini yang akan menjamin kamu bersenang-senang!Selamat menonton dan jangan ke mana-mana! Dengan kiat makanan keren ini, kamu pasti takkan ketinggalan zaman! #kiat #lucu #makananBERLANGGANAN 123 GO LIKE INDONESIAN: https://go-gl.com/N5Wg4m4y__________________________________________Musik oleh Epidemic Sound: https://www.epidemicsound.com/Sampel Foto: https://www.depositphotos.com https://www.shutterstock.com"
"6kwfIBsc8nQ","Mantan Istri Sirajuddin Mahmud Buka Suara Terkait Pernikahan Zaskia Gotik - Cumicam 28 April 2020","2020-04-28T07:40:08Z","UC5A_pdnOOcMsaBzFAHiTMLg","Cumicumi","24","20.03.05","cumicumi.com|cumicumi|cumivideo|cumicumi video|cumicumi indigo|indigo|infotainment|gosip|artis|selebriti|Berita selebritis|gosip selebritis terbaru|gosip terbaru|gosip terbaru hari ini|gosip hari ini|berita artis hari ini|berita selebritis hari ini|gosip artis indonesia|kabar artis terbaru|berita artis indonesia|berita selebritis indonesia|berita selebritis terbaru|kabar selebritis|info selebritis|Zaskia Gotik|menikah|mantan|buka|suara|pernikahan","2001232","13982","1156","3145","https://i.ytimg.com/vi/6kwfIBsc8nQ/default.jpg","False","False","Kumpulan video berita gosip terlengkap, terhangat dan terbaru hari ini seputar selebritis IndonesiaLangsung aja klik http://www.cumicumi.com/Zaskia Gotik#gosip #ZaskiaGotik #cumicumi---https://www.cumicumi.com/videos/cumicam/159151/mantan-istri-sirajuddin-mahmud-buka-suara-terkait-pernikahan-zaskia-gotik---web: http://www.cumicumi.com/facebook: http://www.facebook.com/CumiCumiDotComtwitter: https://twitter.com/CumiTweetGoogle+: https://plus.google.com/u/0/107561674912304174647"
"ks8bd33qMJM","Cast of The King: Eternal Monarch tells us what they really think of each other | Who, Me? [ENG SUB]","2020-05-02T04:00:12Z","UCpiCK8c6PBktcxq7Az_t4RQ","The Swoon","24","20.03.05","netflix|korean drama|the swoon|‡∏ã‡∏µ‡∏£‡∏µ‡πà‡∏™‡πå‡πÄ‡∏Å‡∏≤‡∏´‡∏•‡∏µ|ÈüìÂäá|ÈüìÂõΩ„Éâ„É©„Éû|netflix korean drama|netflix k drama|netflix ÈüìÂäá|ÎÑ∑ÌîåÎ¶≠Ïä§|film korea|kdrama|korean drama eng sub|the king|the king eternal monarch|lee min ho|lee min ho drama|kim go eun|Îçî ÌÇπ|the king korean drama|Îçî ÌÇπ: ÏòÅÏõêÏùò Íµ∞Ï£º|Ïù¥ÎØºÌò∏|ÍπÄÍ≥†ÏùÄ|the kingÔºöÊ∞∏ÈÅ†ÁöÑÂêõ‰∏ª|„Ç∂ÔΩ•„Ç≠„É≥„Ç∞ÔºöÈÅ•„Åã„Å™„ÇãÁéã|‡∏à‡∏≠‡∏°‡∏£‡∏≤‡∏ä‡∏±‡∏ô‡∏ö‡∏±‡∏•‡∏•‡∏±‡∏á‡∏Å‡πå‡∏≠‡∏°‡∏ï‡∏∞|‡∏•‡∏µ‡∏°‡∏¥‡∏ô‡πÇ‡∏Æ|„Ç§„Éª„Éü„É≥„Éõ|ÊùéÊïèÈé¨|‡∏Ñ‡∏¥‡∏°‡πÇ‡∏Å‡∏≠‡∏∂‡∏ô|„Ç≠„É†„Éª„Ç¥„Ç¶„É≥|ÈáëÈ´òÈäÄ|‡∏ß‡∏π‡πÇ‡∏î‡∏Æ‡∏ß‡∏±‡∏ô|„Ç¶„Éª„Éâ„Éï„Ç¢„É≥|Á¶πÊ£πÂ•ê|‡∏à‡∏≠‡∏á‡∏≠‡∏∂‡∏ô‡πÅ‡∏ä|„Ç∏„Éß„É≥„Éª„Ç¶„É≥„ÉÅ„Çß|ÈÑ≠ÊÅ©ÂΩ©|‡∏Ñ‡∏¥‡∏°‡∏Ñ‡∏¢‡∏≠‡∏á‡∏ô‡∏±‡∏°|„Ç≠„É†„Éª„Ç≠„Éß„É≥„Éä„É†|ÈáëÊôØÂçó|woo do-hwan|jung eun-chae|kim kyung-nam","1102158","61487","232","2378","https://i.ytimg.com/vi/ks8bd33qMJM/default.jpg","False","False","Not a single question goes by without Lee Min-ho, Kim Go-eun, Woo Do-hwan, Jung Eun-chae, and Kim Kyung-nam bursting into laughter. We're glad they used this opportunity to learn so much about each other. Find out which THE KING: ETERNAL MONARCH star is most likely to adapt in a parallel world, achieve a world record, lose a winning lottery ticket, and more in Who, Me?Subscribe to The Swoon: https://bit.ly/2IiIXqVWatch The King: Eternal Monarch on Netflix: https://www.netflix.com/title/81260283ABOUT THE SWOONWelcome to The Swoon, your all-access pass behind the scenes of your favorite Korean and Asian dramas. Get up close and personal with the stars. Tell us what you love to watch, what endings made you want to tear your hair out, and what keeps you coming back for more, ever optimistic that the next one will be The One.For the fans.Powered by Netflix.All biases welcome.*Shows featured might not be available in all markets."
"F9ARQ1NM_QI","TRIK UNTUK PENCINTA KULINER SEJATI | Trik Cerdas dan Kejadian Lucu Seputar Makanan","2020-05-03T04:00:08Z","UCGXnDxirLuSrIHwQXWxRzeg","123 GO! Like Indonesian","24","20.03.05","123 go|123 GO!|123 GO! Like|123 GO! Like Indonesian|123GO!|123go|keisengan|menyenangkan|te-man|bersahabat|tutorial|cara|DIY makanan cepat saji|DIY makanan|trik makanan|mcdonalds|trik mcdonalds|tip mcdonalds|pencinta kuliner","292953","5842","494","455","https://i.ytimg.com/vi/F9ARQ1NM_QI/default.jpg","False","False","Mungkin kamu tak mau mengakui, tapi kamu pasti suka makanan cepat saji! Siapa sih, yang tidak suka?Bersiaplah, karena kami telah mengumpulkan beberapa trik berguna seputar makanan cepat saji dan tip-tip yang tak disangka-sangka kamu butuhkan.Penasaran dengan trik lezat seputar makanan ini? Terlebih dulu, pastikan kamu membagikan trik ini ke temanmu dan jangan lupa berlangganan kanal YouTube kami untuk mendapat tip-tip berguna lainnya seperti ini!#makanancepatsaji #trikmakanancepatsaji #tipmakanancepatsajiBERLANGGANAN 123 GO LIKE INDONESIAN: https://go-gl.com/N5Wg4m4y__Musik oleh Epidemic Sound: https://www.epidemicsound.com/Sampel Foto: https://www.depositphotos.com https://www.shutterstock.com"
"GI3HzfMAca4","Rizky Febian - Melawan Demi Dunia (Official Music Video)","2020-04-29T12:00:15Z","UCbygpKn8gqj1LMTMyROF9fg","Rizky Febian","10","20.03.05","kesempurnaan cinta|indonesia|Lagu Indonnesia Terbaru|Cover Rizky Febian|Penantian Berharga|Lagu Terbaru Rizky Febian|Marion Jola|Tak Lagi Sama|Berpisah Itu Mudah|Lyric Berpisah Itu Mudah|Official music video Rizky Febian|video lirik rizky febian|music video|aisyah istri rasulullah cover|aisyah istri rasulullah|Rizky Febian|Rizky Febian Kesempurnaan Cinta|melawan demi dunia|melawan demi dunia rizky febian|melawan dunia video lirik|lagu baru rizky febian","775015","66322","351","3977","https://i.ytimg.com/vi/GI3HzfMAca4/default.jpg","False","False","Klik untuk berdonasi Kita Bisa Melawan Duniahttps://kitabisa.com/campaign/kitabisamelawanduniaRizky Febian Mengajak Anak Muda Untuk Melawan Demi DuniaDengan kondisi saat ini di seluruh dunia khususnya Indonesia. Rizky Febian tergerakhatinya untuk menulis lagu dengan harapan anak muda bisa terus semangat menjalanihidup untuk mencapai mimpinya. Lagu ini menjadi lagu penyemangat untuk kita semuayang harus percaya bahwa badai yang sedang terjadi akan segera berlalu. Di tengah ‚Äìtengah wabah Covid-19 yang melanda negeri kita, Rizky Febian berharap kita harussaling mendukung antar sesama, dukungan kepada tim medis yang menjadi gardaterdepan penanganan virus corona ini dan mendukung para pekerja kreatif harian.Setelah Rizky Febian bekerja sama dengan Kitabisa.com sebelumnya dalampenggalangan dana yang disalurkan kepada ojol, pedagang keliling dan pegawaimedis. Kali ini, Rizky Febian berkampanye diiringi dengan lagu terbarunya berjudul‚ÄúMelawan Demi Dunia‚Äù, Iky mengajak teman-teman untuk berdonasi yang hasilnyaakan didistribusikan kepada para pekerja kreatif harian yang terkena dampak seriusakibat pandemi ini, donasi ini nanti akan berupa uang tunai.Rizky Febian akan mengajak sesama musisi muda untuk Live IG mengajak teman-teman untuk sama-sama berdonasi. Iky harap semangat ini bisa sangat tertular kepadaseluruh masyarakat Indonesia untuk peduli terhadap para pekerja kreatif harian.Dengarkan Juga Melawan Demi Dunia di Platform Digital Berikut :Spotify : https://open.spotify.com/track/2aoI3ioMe0rlJ5e0FUPQgW?si=5zKYXRkdQCKP6kV-1BggUgApple Music : https://music.apple.com/id/album/melawan-demi-dunia-single/1508403405Langit Musik : Yuk, Dengarkan Lagu Melawan Demi Dunia by Rizky Febian!! Via #LangitMusik #MusikTanpaKuota https://www.langitmusik.co.id/shareSong.do?songId=120345802Aktifkan RBT Melawan Demi DuniaLink : https://rbtone.id/melawandemiduniaTelkomsel : Ketik TSSJJ kirim ke 1212XL : Ketik 10361477 kirim ke 1818Indosat : Ketik MG 53019778 kirim ke 808Tri : Ketik 2083349 kirim ke 1212Song CreditTitle : Melawan Demi DuniaSinger : Rizky FebianWritten by : Rizky FebianBacking Vocal : Sule, Putri Delina, Rizwan Fadilah & FerdyMusic Produced : Beraldy DeanMixing & Mastering : Ajier EffendyExecutive Producer : RFAS MusicProducer : Rahul Tamara PutraOfficial Music Video by RFAS Music#RizkyFebian #NewSong #MelawanDemiDunia #OfficialMusicVideo"
"0PnqBeY-IPw","Serunya Sahur #ALELDuL dan bunda Maia di rumah Pejaten. #maiaestianty #sahur #puasa #2020","2020-04-27T23:04:58Z","UCnOpHri58T5A7opnZmQj5Cg","Maia Estianty","24","20.03.05","[none]","603739","13200","253","732","https://i.ytimg.com/vi/0PnqBeY-IPw/default.jpg","False","False","Sahur hari kelima ama anak2 di thn 2020, dalam pandemi covid.. Rekam pake kamera HP, edit juga di HP ü§™"
"isrlulxybIE","PRANK TERBAIK DAN TRIK-TRIK LUCU || DIY Prank Keren untuk Menjadi Master Prank","2020-04-27T04:00:26Z","UCwIzd032IQjvJ9larkdcwgg","123 GO! Gold Indonesian","24","20.03.05","123|123 go|123go|123 go gold|123gogold|123go!|123 go!|123 go! gold|123go!gold|tantangan|lelucon|trik kehidupan|DIY|kerajinan|proyek DIY|bermain peran|komedi|sketsa|humor|tertawa|sketsa komedi|trik|kerjakan sendiri|seru|lucu|video lucu|sketsa lucu|video seru|langkah-langkah|cara membuat|tutorial|buatan tangan|buatan rumah","1564576","13828","1779","1019","https://i.ytimg.com/vi/isrlulxybIE/default.jpg","False","False","Nggak mungkin ini tangan asliüò±! Lily, kamu dikerjain!Cari tahu cara nge-prank sahabatmu dengan menonton tutorial prank kocak kami!Kamu akan tahu cara membuat lelucon dengan saudaramu, cara membuat teman-temanmu tertawa, dan bersenang-senang kapan saja!Prank makanan keren akan mengajarkan kepadamu cara mentraktir teman sekamarmu dengan teh bawang segar atau acar cokelat lezat:)Subscribe 123 GO! GOLDüëëIndonesian dan nyalakan loncengnya üîî supaya kamu tidak pernah ketinggalan video kami.Sampai jumpa!#123GO #GOLD #lucu #leluconURUTAN WAKTU:00:00 Prank lucu tangan palsu00:47 Prank kamar mandi dengan tisu toilet03:55 Prank makanan kocak, perang prank heboh05:10 DIY prank makanan dengan cokelat07:59 Tutorial prank ular karet09:57 Blooper lucuBERLANGGANAN: https://bit.ly/3blXLA0----------------------------------------------------------------Musik oleh Epidemic Sound: https://www.epidemicsound.com/Sampel Foto: https://www.depositphotos.com https://www.shutterstock.com"
"2Wj_wP90CPc","Nella Kharisma - Ojo Nesu Nesu [OFFICIAL]","2020-04-30T12:00:13Z","UC2sVRtimSUdDN2myZ6Cf03w","Nella Kharisma Official","10","20.03.05","Nella Kharisma - Ojo Nesu Nesu [OFFICIAL]|nella kharisma|nella kharisma official|dory harsa|nella kharisma dory harsa|nella kharisma ojo nesu nesu|nella kharisma cover ojo nesu nesu|ojo nesu nesu koplo|nella kharisma terbaru|nella kharisma 2020","319758","9482","271","2976","https://i.ytimg.com/vi/2Wj_wP90CPc/default.jpg","False","False","Copyright ¬© 2019 Nella Kharisma OfficialAll rights reserved.Title : Ojo Nesu NesuArtist : Nella KharismaSongwriter : Alex La MajorMusic & Video : NK CreativeLocation : Bukit Daun HotelProduction : Nella Kharisma OfficialFull Album Nella Kharisma: https://www.youtube.com/playlist?list=PLQVDVegXmBRqa3g92vhejz6SfPoxtxYlfFollow Instagram Nella Kharisma :https://instagram.com/nellakharisma?igshid=1he4ui1bnjs2xFollow Twitter Nella Kharisma :https://mobile.twitter.com/nellakharisma94Follow Tiktok Nella Kharisma :https://vt.tiktok.com/24maTU/Contact Person For Job :+6285806511128 ( Mas Candra )+6282143138402 ( Cak Rul )Song Lyrick,OJO NESU NESUOjo nesu nesu sayangkuOjo dumeh dumeh cintakuGawe awak loro cepet tuoMangkane ojo nggresuloTak elus elus kene sliramuSenderno turu ning pundakkuKowe tak tresno lan tak jogoSenengku wis tekan dodoTresno jalaran soko kulinoKebacut aku wis raiso lungoSansoyo nambah cinta sing tak rosoRa pengen pedot sampe tuoOjo nesu nesu sayangkuOjo dumeh dumeh cintakuKowe tak tresno lan tak jogoSenengku wis tekan dodoTresno jalaran soko kulinoKebacut aku wis raiso lungoSansoyo nambah cinta sing tak rosoRa pengen pedot sampek tuoTresno jalaran soko kulinoKebacut aku wis raiso lungoSansoyo nambah cinta sing tak rosoRa pengen pedot sampek tuoOjo nesu nesu sayangkuOjo dumeh dumeh cintakuINDONESIAJangan marah marah sayangkuJangan mentang mentang cintakuMembuat badan sakit cepat tuaMakanya jangan ngambekKu elus elus sini dirimuBersandarlah tidur di pundakkuKamu ku cinta dan ku jagaBahagiaku sudah sampai dadaCinta karena sering bersamaTerlanjur aku sudah tak bisa pergiLebih menambah cinta yang ku rasaTidak ingin putus sampai tuaJangan marah marah sayangkuJangan mentang mentang cintakuKamu ku cinta dan ku jagaBahagiaku sudah sampai dadaYouTube channel managed by MusicYes Digital DistributionFully YouTube CertifiedJoin MusicYeshttps://musicyess.com/Account/Register#NellaKharisma #OjoNesuNesu #DoryHarsa"
"EJ_ohOREa_E","SABYAN X NAGITA SLAVINA - RAMADAN (OFFICIAL MUSIC VIDEO)","2020-04-23T04:00:12Z","UCeZA77FZSG4YzBcvBJ9eynA","SABYAN","10","20.03.05","Nissa sabyan|sabyan gambus|sabyan ramadan|sabyan|nisa sabyan|lagu baru sabyan|sabyan manggung|vlog sabyan|sabyan live|sabyan konser|konser sabyan|cofid 19|virus corona|sabyan bismillah|sabyan lagu corona|ya maulana|sabyan nagita|album sabyan|sabyan terbaru|sabyan gambus full album|sabyan karaoke|nissa sabyan terbaru","3678050","248809","3004","27409","https://i.ytimg.com/vi/EJ_ohOREa_E/default.jpg","False","False","VIDEO PRODUCTION : Production Designer : RANS ENTERTAINMENT Director : Khairul AmriProducer : Abrar AbsLine Producer : Yudha Wijaya , Ryan HazairinExecutive Producer : Raffi Ahmad & Nagita SlavinaStrategic Partnership Manager : May Koencoro Adjie & Fahmy SalimDOP : Felix BinaminArt Director : DegaFashion Stylis : WandaharaMakeup : MarleneHairdo : PenniEditor : Felix BinaminColorist : Rano AdjiCreative: Gusti Vita RianaProduction Assitant: Ikhsan Fajar & Livia JunitaArtwork : DinnoVocal Director : Bowo SoulmateVocal : Nissa feat Nagita SlavinaKeyboard : AyusPercussion : KamalSong Writer : AyusMusic producer : Ayus & YeruMixing & Mastering : My productionMusic performed by : SabyanAdditional Musician :Guitar : Hedi AlfianBass : Jalu RohandaPiano : Langen DumadiDrum : YeruBacking Vocal : Habibah RANS MUSIC X VMCSupported By Teh Kotak"
"bBhAbSItlzQ","NCT DREAM - Quiet Down [Music Bank / 2020.05.01]","2020-05-01T09:11:17Z","UC5BMQOsAB8hKUyHu9KI6yig","KBS World","24","20.03.05","kbs|kbsworld|kbs world|ÈüìÊµÅ|ÊîæÈÄÅ|Èü©ÂõΩÁªºËâ∫|Èü©ÂõΩÁîµËßÜÂâß|truy·ªÅn h√¨nh H√†n Qu·ªëc|‡∏õ‡∏£‡∏∞‡πÄ‡∏ó‡∏®‡πÄ‡∏Å‡∏≤‡∏´‡∏•‡∏µ‡πÉ‡∏ï‡πâ|‡∏•‡∏∞‡∏Ñ‡∏£|Corea|Cor√©e|drama|ÿØÿ±ÿßŸÖÿß|ÿØÿ±ÿßŸÖÿß ŸÉŸàÿ±Ÿäÿ©|kbskpop|yt:cc=on|NCT DREAM|Quiet Down|Music Bank|MusivBank|Mubang|Music Bank eng|Music Bank sub|MusicBank eng sub|ÎÆ§ÏßÅÎ±ÖÌÅ¨|ÎÆ§Î±Ö|ÏºÄÏù¥Ìåù|K-POP|Korean idol|kpop|kpop idol|ÎùºÏù¥Î∏å|South Korea|idol stage|K-Music","582192","102972","261","4579","https://i.ytimg.com/vi/bBhAbSItlzQ/default.jpg","False","False","Click the Caption button to activate subtitle!‚ñ∂Full EpisodesMusic Bank clips:https://www.youtube.com/playlist?list=PLEC6C5307EE979510Music Bank interviews & winning moments:https://www.youtube.com/playlist?list=PLMf7VY8La5RHEIZ71XBEU9t9HQNKqm83YThe Return of Superman:https://www.youtube.com/playlist?list=PLMf7VY8La5RFIeOyIZ5IOm68WVb7c2dyTJung Hae In‚Äôs Travel Loghttps://www.youtube.com/playlist?list=PLMf7VY8La5RFY8ct1WvLBzT7CiiK8wmcRDogs are incredible:https://www.youtube.com/playlist?list=PLMf7VY8La5RHyRoQL25aDHMIyqG6qmvbsStars' Top Recipe at Fun-Staurant:https://www.youtube.com/playlist?list=PLMf7VY8La5RGn0amdjSh8_3rU4zcApL3NUnasked Family:https://www.youtube.com/playlist?list=PLMf7VY8La5RHOrGquk0-VpaVNW1J1vLh5The Miracle We Met:https://www.youtube.com/playlist?list=PLMf7VY8La5RFRfeoLBQ-VtoLB3oPlMeTt2019 KBS Entertainment Awards:https://www.youtube.com/playlist?list=PLMf7VY8La5RGnJHJGzauxYolX6bel3k8J2019 KBS Song Festival: https://www.youtube.com/playlist?list=PLMf7VY8La5RF_MYEdtuaOYEu5C7CYx3RH2019 KBS Drama Awardshttps://www.youtube.com/playlist?list=PLMf7VY8La5RFZMWAuf21ilSwE6cDdEMh_When you are now sure what to watch:https://www.youtube.com/playlist?list=PLMf7VY8La5REjpb94an3gNiRHYJOx8fz8‚ñ∂Subscribe KBS World Official PagesYoutube SubscribeÔºöhttps://www.youtube.com/kbsworldHomepage: http://www.kbsworld.co.kr Facebook: http://www.facebook.com/kbsworldTwitter: http://twitter.com/kbsworldtv Instagram: https://www.instagram.com/kbsworldtv/Line: https://goo.gl/g5iRQVAndroid Download : http://bit.ly/1NOZFKrIOS Download : http://apple.co/1NktctW"
"vJX5Q0L9N-Q","MAKAN SATU WARNA MAKANAN SEHARIAN || Tantangan Tik Tok Keren dengan Makanan!","2020-04-25T04:00:22Z","UCwIzd032IQjvJ9larkdcwgg","123 GO! Gold Indonesian","24","20.03.05","123|123 go|123go|123 go gold|123gogold|123go!|123 go!|123 go! gold|123go!gold|tantangan|lelucon|trik kehidupan|DIY|kerajinan|proyek DIY|bermain peran|komedi|sketsa|humor|tertawa|sketsa komedi|trik|kerjakan sendiri|seru|lucu|video lucu|sketsa lucu|video seru|langkah-langkah|cara membuat|tutorial|buatan tangan|buatan rumah","1863724","17499","2187","1282","https://i.ytimg.com/vi/vJX5Q0L9N-Q/default.jpg","False","False","Kadang kita tidak bisa berhenti menonton orang menyantap makanan ekstrem seperti lobster raksasa, ramen pedas, atau permen jeli cacing raksasa!Kamu akan menyaksikan tantangan makanan keren di mana kami hanya akan menyantap satu warna makanan seharian!Cobalah makan permen jeli saja selama 24 jam dan kamu akan tahu rasanya jadi pencinta makanan sejati!Subscribe 123 GO! GOLDüëë Indonesian dan nyalakan loncengnya üîî supaya kamu tidak ketinggalan video kami.Sampai jumpa!#123GO #GOLD #lucu #tantanganmakananTIMESTAMPS:00:00 Tantangan makan satu warna makanan03:37 Tantangan makanan asli VS permen jeli08:08 Tantangan makanan lucu gigit, jilat, atau diam10:48 Blooper lucuBERLANGGANAN: https://bit.ly/3blXLA0----------------------------------------------------------------Musik oleh Epidemic Sound: https://www.epidemicsound.com/Sampel Foto: https://www.depositphotos.com https://www.shutterstock.com"
"0tBJWqwtzEk","Kamar Koko Betrand, Intip Koleksi Sepatu Kesayangan Onyo | DIARY THE ONSU (28/4/20) P2","2020-04-28T13:14:26Z","UCIohHXwCEKxWCLvAguJ-GjA","TRANS TV Official","24","20.03.05","TRANSTV|TRANS TV|TRANSMEDIA|LIVE STREAMING TRANS TV|TRANS TV LIVE STREAMING|#StayHome|#WithMe|StayAtHome|#dirumahaja|TERBARU|ACARA TRANS TV|TRANS TV LIVE|TRENDIN|VIDEO TRENDING|TRENDING HARI INI|DIARY THE ONSU|RUBEN ONSU|BETRAND|BETRAND PETO","1956972","51504","1610","7333","https://i.ytimg.com/vi/0tBJWqwtzEk/default.jpg","False","False","DIARY THE ONSU===TAYANG SETIAP SENIN - JUMAT PUKUL 18.30 WIB===PART 1: https://youtu.be/_2793JLOiiQPART 2: https://youtu.be/0tBJWqwtzEkPART 3: https://youtu.be/sKeXtySAvCoPART 4: https://youtu.be/_MAiw9Q_31E===Program reality show ‚ÄúDiary The Onsu‚Äù akan mengajak anda semua untuk mengintip langsung keseharian dan kesibukan Ruben Onsu dan keluarga. Mulai dari pagi sampai malam hari,setiap keseruan, ketegangan, kelucuan dan kehebohan yang terjadi diantara Ruben, Sarwendah, dan si bintang cilik Betrand Peto tak ada yang luput dari kamera kami.===WEBSITE - http://www.transtv.co.idTWITTER - https://twitter.com/TRANSTV_CORPFACEBOOK - https://www.facebook.com/TransTVMediaINSTAGRAM - https://www.instagram.com/TRANSTV_CORP#DiaryTheOnsu #DiaryTheOnsu28April2020 #NontonDiaryTheOnsuSamaSaya"
"P1E1IczI2Yw","Didi Kempot - Ojo Mudik [OFFICIAL]","2020-04-28T12:17:37Z","UCfv_crnYoIXCNme6039GU1A","Didi Kempot Official Channel","10","20.03.05","didi kempot|ojo mudik|didi kempot terbaru|didi kempot terbaru 2020|Sumbu Record|mp3|lagu|musik|music","586848","16015","341","1675","https://i.ytimg.com/vi/P1E1IczI2Yw/default.jpg","False","False","Didi Kempot - Ojo Mudik [OFFICIAL]Title: Ojo mudikVoc. Cipt. Didi KempotProd. Sumbu Record#DidiKempot #OjoMudik"
"nNPzRXdsH7k","Rich Brian - BALI ft. Guapdad 4000 (Official Video)","2020-04-28T16:00:30Z","UCZW5lIUz93q_aZIkJPAC0IQ","88rising","24","20.03.05","88rising|rich brian|guapdad 4000|bali|official|music video|the sailor|niki|cuco|buddy|Cody Ko|Noel Miller|Thundercat|Kenny Beats|hopscotch|denzel curry|100 degrees|indonesia|hip-hop","2658738","194939","1120","9216","https://i.ytimg.com/vi/nNPzRXdsH7k/default.jpg","False","False","Official music video for BALI by Rich Brian feat. Guapdad 4000 Stream BALI now: https://88rising.lnk.to/BaliSpecial thanks to Guapdad 4000, Cuco, NIKI, Cody Ko, Noel Miller, Buddy, Thundercat, Denzel Curry, Kenny Beats, and Lil Yachty for their donations! Donations benefited LA County Hospital, Asian Americans for Housing, Shelter Partnership, as well as the Nam, Cortez family, and Robles families. 88rising worked with Love Catering (https://lovecateringinc.com/ & @lovecateringinc) to donate 125 lunches to the hospital and healthcare workers at LA County Hospital. Asian Americans for Housing is a grassroots community driven organization that provides food security to unhoused Asian-American seniors, low-income families, and many other marginalized communities in LA during the pandemic. Check out their fundraiser here: https://www.gofundme.com/f/covid19-mutual-aid-network-api-laShelter Partnership (https://www.shelterpartnership.org/) provides new donated goods to over 200 non-profit agencies serving the homeless in Los Angeles County. They provide essential supplies like emergency blankets, bleach, diapers, and socks to its network of agencies.NLT (https://nltnltnlt.com/) provided masks for artists and recipients featured in the video. All handmade in Los Angeles.Follow Rich Brianhttp://instagram.com/brianimanuelhttp://youtube.com/richbrianhttp://twitter.com/richbrianhttp://facebook.com/iamrichbrianFollow Guapdad 4000https://instagram.com/guapdad4000https://twitter.com/guapdad4000Follow 88risinghttp://youtube.com/88risinghttp://instagram.com/88risinghttp://twitter.com/88risinghttp://facebook.com/88rising"
"KrtUC7e1Dmw","12 Funny Toilet Paper Pranks and Hacks","2020-04-25T14:00:09Z","UCWwqHwqLSrdWMgp5DZG5Dzg","Troom Troom","26","20.03.05","toilet paper hacks|toilet paper pranks|with toilet paper|toilet paper|funny|do it yourself|life hacks|useful things|diy|crafts|diy activities|diy projects|handcraft|tricks|how to|tips|simple life hacks|tutorial|how to make|toilet paper rolls|howto|reuse|recycle|toilet paper life hacks|bathroom hacks|easy life hacks|teenagers|toilet roll|toilet paper roll hacks|toilet roll hacks|bathroom|cooking with toilet paper|troom troom","6925534","58346","8743","4441","https://i.ytimg.com/vi/KrtUC7e1Dmw/default.jpg","False","False","Subscribe Here: https://www.youtube.com/channel/UCWwqHwqLSrdWMgp5DZG5Dzg?sub_confirmation=114 Funny Pranks! Prank Wars!: https://youtu.be/357DFknmaGI?list=PLy0LaulZe0vRyRDcwVaqbvnbSqhSQNtS-&playnext=1Even plain toilet paper can add a lot of fun to your life! Doubt it? Then watch our 12 pranks and crafts with toilet paper!Supplies and tools:‚Ä¢ Toilet paper‚Ä¢ Fineliner‚Ä¢ Ruler‚Ä¢ Double-sided tape‚Ä¢ Glitter‚Ä¢ Foam rubber‚Ä¢ Foam paper‚Ä¢ Elastic band‚Ä¢ Velcro‚Ä¢ Metal rings‚Ä¢ Chain‚Ä¢ Polymer clay‚Ä¢ Board‚Ä¢ Watch strap‚Ä¢ Wire‚Ä¢ Roll of receipt paper‚Ä¢ Pliers‚Ä¢ Ring blank‚Ä¢ Superglue‚Ä¢ Metal oval‚Ä¢ Cardboard‚Ä¢ Box‚Ä¢ Round sponge cakes‚Ä¢ Icing‚Ä¢ Marshmallows‚Ä¢ Fondant‚Ä¢ Powdered sugar‚Ä¢ Rolling pin‚Ä¢ Knife‚Ä¢ Modeling tools‚Ä¢ Hot glue gun‚Ä¢ Wooden skewers‚Ä¢ Tape‚Ä¢ Wrapping paper‚Ä¢ Fake flowers‚Ä¢ Big rolls of toilet paper‚Ä¢ Plastic tubes‚Ä¢ Kraft paper‚Ä¢ Crepe paper‚Ä¢ Clear plastic wrap‚Ä¢ RibbonsWatch More Troom Troom: Popular Videos:14 Weird Ways To Sneak Food Into Class / Back To School Pranks:  https://youtu.be/W5p2ndS34vA18 Funny Pranks! Prank Wars! https://youtu.be/yWazGzCNtJ411 DIY Edible Makeup Ideas/11 Funny Pranks:  https://youtu.be/kewz3hF63Xo17 Weird Ways To Sneak Makeup Into Class:  https://youtu.be/bvhBIsmzhwEGummy Food vs Real Food Challenge!  https://youtu.be/jBIG6GsQcq8Popular Playlists:Funny Pranks: https://www.youtube.com/playlist?list=PLy0LaulZe0vRyRDcwVaqbvnbSqhSQNtS-Back to School: https://www.youtube.com/playlist?list=PLy0LaulZe0vSzNLVwlQZVJszbLCsIwl_CLife Hacks: https://www.youtube.com/playlist?list=PLy0LaulZe0vSljAapkasaxsIKJp7I-7j0Beauty And Makeup Hacks: https://www.youtube.com/playlist?list=PLy0LaulZe0vSUQifjokDaw5m9aIgOQKt-Home D√©cor: https://www.youtube.com/playlist?list=PLy0LaulZe0vRWdxuF7xEwK_eJV2cZ8dt0Follow Troom Troom:Subscribe: https://www.youtube.com/channel/UCWwqHwqLSrdWMgp5DZG5Dzg?sub_confirmation=1Instagram: https://www.instagram.com/troomtroom/Facebook: https://www.facebook.com/troomhandsPinterest: https://pinterest.com/troomtroom/Troom Troom Espa√±ol: Subscribe: https://www.youtube.com/channel/UCu6oyJJ6PlkeNNv6n26ZNyA?sub_confirmation=1Troom Troom Fran√ßaise:Subscribe: https://www.youtube.com/channel/UCyNeKmBHI10u4bwYEKimlZA?sub_confirmation=1Troom Troom Russian: Subscribe: https://www.youtube.com/channel/UCq1JpGFxcZTbbOAz010U-og?sub_confirmation=1Troom Troom Deutsch:Subscribe:  https://www.youtube.com/channel/UCzgmxZIlgfH1fgch7OpigIA?sub_confirmation=1Troom Troom Chinese:Subscribe:  https://www.youtube.com/channel/UCV3NWBs2K7pOEGmI4w_2dhg?sub_confirmation=1Troom Troom Portugu√™s:Subscribe: https://www.youtube.com/channel/UCgCQlMYN2XypwYC2wcR32bA?sub_confirmation=1Troom Troom Japanese:Subscribe: https://www.youtube.com/channel/UCPCwT9JMWPjg6xAWrQxhQaw?sub_confirmation=1About Troom Troom: Easy DIY how to video tutorials. DIY Accessories, Scrapbooking Cards, Home D√©cor, Make Up Tutorials, Life Hacks, and MUCH more! Make it easy! For any business enquires please contact me at: troomtroomdiy@gmail.comQuestion of the Day: did you like our toilet paper ideas? Comment Below!Don‚Äôt forget to turn on notifications, like, & subscribe!"
"kYcT_gPn8Qk","NCT DREAM (ÏóîÏãúÌã∞ÎìúÎ¶º) - Ridin' (Color Coded Lyrics Eng/Rom/Han/Í∞ÄÏÇ¨)","2020-04-29T09:36:45Z","UCmth4hMyizG-_W9jidBqs_A","Jaeguchi","10","20.03.05","nct|nct dream|ridin|ridin'|riding|nct ridin|nct dream ridin|lyrics|english|translation|color coded lyrics|jaeguchi|nct ridin lyrics|nct dream ridin lyrics","275067","17799","234","1015","https://i.ytimg.com/vi/kYcT_gPn8Qk/default.jpg","False","False","All Rights Administered by SM Entertainment‚Ä¢ Artist: NCT DREAM (ÏóîÏãúÌã∞ÎìúÎ¶º) ‚Ä¢ Song ‚ô´: Ridin'‚Ä¢ Album: Reload‚Ä¢ Released: 2020.04.29..............................................................................Members: Haechan, Renjun, Jeno, Jaemin, Chenle, Jisung..............................................................................‚Ä¢ REQUEST SONG HERE: https://goo.gl/9G5rQx‚Ä¢ FOLLOW ME: https://www.facebook.com/jaeguchioffi... ................................................................................‚Ä¢ No copyright infringement intended / Don't reuploadBusiness e-mail: jaeguchi.com@gmail.com"
"CnYnxPsjWxQ","Mermaid at College! / 8 DIY Mermaid College Supplies","2020-04-29T19:00:40Z","UCWwqHwqLSrdWMgp5DZG5Dzg","Troom Troom","26","20.03.05","Mermaid|Mermaid at College|College|at College|DIY Mermaid College Supplies|mermaid|the little mermaid|diy mermaid college supplies|school supplies|at college|diy mermaid school supplies|mermaid school supplies|funny school ideas|diy school supplies|lifehacks|mermaids|mermaid tail|little mermaid|college supplies|college pranks|college life hacks|back to school|diy|school hacks|how to|do it yourself|school|crafts|school diy|troom troom","1808127","21321","1733","1009","https://i.ytimg.com/vi/CnYnxPsjWxQ/default.jpg","False","False","Subscribe Here: https://www.youtube.com/channel/UCWwqHwqLSrdWMgp5DZG5Dzg?sub_confirmation=113 Weird Things to Do When You Are Bored at Home!: https://youtu.be/BsO34sxKddg?list=PLy0LaulZe0vSljAapkasaxsIKJp7I-7j0&playnext=1Supplies and tools:Bamboo cup with a lidSequinsHot glue gunScissorsWireless headphone caseGlittery foam paperStrings of rhinestonesRhinestonesBlackboard eraserUtility knifeSequined fabricStrings of sequinsMarkerLight clayGlueGlitterPearly plasticPencil sharpenerSeashellsAcrylic paintEraserHairpin combSupergluePearlsPearly polishRing binder Seashell templateDouble sided tapeModeling toolClear tape dispenserPrinted fish pictureSilver nail polishWatch More Troom Troom: Popular Videos:14 Weird Ways To Sneak Food Into Class / Back To School Pranks:  https://youtu.be/W5p2ndS34vA18 Funny Pranks! Prank Wars! https://youtu.be/yWazGzCNtJ411 DIY Edible Makeup Ideas/11 Funny Pranks:  https://youtu.be/kewz3hF63Xo17 Weird Ways To Sneak Makeup Into Class:  https://youtu.be/bvhBIsmzhwEGummy Food vs Real Food Challenge!  https://youtu.be/jBIG6GsQcq8Popular Playlists:Funny Pranks: https://www.youtube.com/playlist?list=PLy0LaulZe0vRyRDcwVaqbvnbSqhSQNtS-Back to School: https://www.youtube.com/playlist?list=PLy0LaulZe0vSzNLVwlQZVJszbLCsIwl_CLife Hacks: https://www.youtube.com/playlist?list=PLy0LaulZe0vSljAapkasaxsIKJp7I-7j0Beauty And Makeup Hacks: https://www.youtube.com/playlist?list=PLy0LaulZe0vSUQifjokDaw5m9aIgOQKt-Home D√©cor: https://www.youtube.com/playlist?list=PLy0LaulZe0vRWdxuF7xEwK_eJV2cZ8dt0Follow Troom Troom:Subscribe: https://www.youtube.com/channel/UCWwqHwqLSrdWMgp5DZG5Dzg?sub_confirmation=1Instagram: https://www.instagram.com/troomtroom/Facebook: https://www.facebook.com/troomhandsPinterest: https://pinterest.com/troomtroom/Troom Troom Espa√±ol: Subscribe: https://www.youtube.com/channel/UCu6oyJJ6PlkeNNv6n26ZNyA?sub_confirmation=1Troom Troom Fran√ßaise:Subscribe: https://www.youtube.com/channel/UCyNeKmBHI10u4bwYEKimlZA?sub_confirmation=1Troom Troom Russian: Subscribe: https://www.youtube.com/channel/UCq1JpGFxcZTbbOAz010U-og?sub_confirmation=1Troom Troom Deutsch:Subscribe:  https://www.youtube.com/channel/UCzgmxZIlgfH1fgch7OpigIA?sub_confirmation=1Troom Troom Chinese:Subscribe:  https://www.youtube.com/channel/UCV3NWBs2K7pOEGmI4w_2dhg?sub_confirmation=1Troom Troom Portugu√™s:Subscribe: https://www.youtube.com/channel/UCgCQlMYN2XypwYC2wcR32bA?sub_confirmation=1Troom Troom Japanese:Subscribe: https://www.youtube.com/channel/UCPCwT9JMWPjg6xAWrQxhQaw?sub_confirmation=1About Troom Troom: Easy DIY how to video tutorials. DIY Accessories, Scrapbooking Cards, Home D√©cor, Make Up Tutorials, Life Hacks, and MUCH more! Make it easy! For any business enquires please contact me at: troomtroomdiy@gmail.comQuestion of the Day: did you like our mermaid school supplies? Comment Below! Don‚Äôt forget to turn on notifications, like, & subscribe!"
"je_R3gEtDbw","LILI's FILM #3 - LISA Dance Performance Video","2020-04-20T09:00:15Z","UC35HKvKYPkri4Grd5KXl3wQ","Lilifilm Official","24","20.03.05","BLACKPINK|Î∏îÎûôÌïëÌÅ¨|LISA|Î¶¨ÏÇ¨|Lilifilm|Î¶¨Î¶¨ÌïÑÎ¶Ñ|YG|ÏïàÎ¨¥ÏòÅÏÉÅ|Choreography|Dance Performance Video|Cheshir Ha|QUIN|6LACK|Mushroom Chocolate","18164403","1399528","31032","125469","https://i.ytimg.com/vi/je_R3gEtDbw/default.jpg","False","False","Filmed by Anthony KingChoreography by Cheshir HaMusic by QUIN, 6LACK - Mushroom Chocolate"
"lhvIEW0KAg4","15 Pregnancy Situations Every Woman Can Relate To / Pregnancy Hacks","2020-05-02T14:00:30Z","UCIJ44QRtVGm_gBh_deuL5ow","Troom Troom SELECT","26","20.03.05","Pregnancy|Situations|Pregnancy Situations|Pregnancy Woman|Pregnancy Situations Every Woman Can Relate To|Every Woman Can Relate To|Pregnancy Hacks|pregnancy hacks|pregnancy situations|pregnancy|pregnant|do it yourself|lifehacks|pregnant tips|pregnant tricks|trucos|pregnant ways|pregnancy tips|pregnancy problems|pregnancy tricks|woman|situations|funny pregnancy moments|funny pregnancy|pregnancy video|tricks|tips|troom troom select","522422","8078","689","472","https://i.ytimg.com/vi/lhvIEW0KAg4/default.jpg","False","False","Subscribe Here: https://www.youtube.com/channel/UCIJ44QRtVGm_gBh_deuL5ow?sub_confirmation=1Introverts vs Extroverts: https://youtu.be/mAM2szqbUEA?list=PLStfTQaLmLwgNIPT7UKfSMX7NPt7dCBYv&playnext=1Music:Tobu & Itro - Sunburst http://youtube.com/tobuofficialWatch More Troom Troom SELECT: Popular Videos: 19 Magic Tricks To Impress Your Friends: https://youtu.be/Q5xSe3kqvNA16 Edible School Supplies! Prank Wars!: https://youtu.be/E9aPzuA7sJI19 Life Hacks To Make Your Life Easier: https://youtu.be/PN1D8JKpOgo16 Cool Things You Can Make With Glue Gun: https://youtu.be/ZjB6DPEO7AU14 Hot Glue Gun Life Hacks For Crafting: https://youtu.be/3aAy4smn_rgPopular Playlists:Magic Tricks: https://www.youtube.com/playlist?list=PLStfTQaLmLwj_ApLmpN3wOsYnsIDqKWwoBest pranks: https://www.youtube.com/playlist?list=PLStfTQaLmLwgNIPT7UKfSMX7NPt7dCBYvBack to School:https://www.youtube.com/playlist?list=PLStfTQaLmLwh3UFdm5MCoJu6G3nfhvbSRBest Life Hacks: https://www.youtube.com/playlist?list=PLStfTQaLmLwjMIZoW29M2-zs3s_RXphngHome Decor Ideas: https://www.youtube.com/playlist?list=PLStfTQaLmLwjEC9v9ULlK4hmjBd15MbLiFollow Troom Troom Select:Subscribe: https://www.youtube.com/channel/UCIJ44QRtVGm_gBh_deuL5ow?sub_confirmation=1Instagram: https://www.instagram.com/troom_selectFacebook: https://www.facebook.com/troomhandsPinterest: https://pinterest.com/troomtroom/Troom Troom Espa√±ol: Subscribe: https://www.youtube.com/channel/UCu6oyJJ6PlkeNNv6n26ZNyA?sub_confirmation=1Troom Troom Fran√ßaise:Subscribe: https://www.youtube.com/channel/UCyNeKmBHI10u4bwYEKimlZA?sub_confirmation=1Troom Troom Russian: Subscribe: https://www.youtube.com/channel/UCq1JpGFxcZTbbOAz010U-og?sub_confirmation=1Troom Troom Deutsch:Subscribe:  https://www.youtube.com/channel/UCzgmxZIlgfH1fgch7OpigIA?sub_confirmation=1Troom Troom Chinese:Subscribe:  https://www.youtube.com/channel/UCV3NWBs2K7pOEGmI4w_2dhg?sub_confirmation=1Troom Troom Portugu√™s:Subscribe: https://www.youtube.com/channel/UCgCQlMYN2XypwYC2wcR32bA?sub_confirmation=1Troom Troom Japanese:Subscribe: https://www.youtube.com/channel/UCPCwT9JMWPjg6xAWrQxhQaw?sub_confirmation=1About Troom Troom Select: Easy DIY how to video tutorials. DIY Accessories, Scrapbooking Cards, Home D√©cor, Make Up Tutorials, Life Hacks, and MUCH more! Make it easy! For any business enquires please contact me at: troomtroomdiy@gmail.comQuestion of the Day: did you like our today‚Äôs video? Comment Below!Don‚Äôt forget to turn on notifications, like, & subscribe!"
"HXqaeX4HuFw","MASSIVE Bowl of Fruit Loops Challenge + Gallon of Milk","2020-05-01T00:39:50Z","UCd1fLoVFooPeWqCEYVUJZqg","Matt Stonie","24","20.03.05","Matt Stonie|Megatoad|Competitive Eating|Food Challenge|Speed Eating|Eating Challenge|Cereal Challenge|Cereal|Fruit Loops|Sweet Challenge","2238866","108903","2604","11813","https://i.ytimg.com/vi/HXqaeX4HuFw/default.jpg","False","False","Get the best deals while shopping online ‚ñ∏ http://joinhoney.com/mattstonieHoney is FREE and finds coupons with the click of a button. Thanks Honey for sponsoring!Good Video? Like/Fav & Share!!I think this is the 8th Giant Cereal Challenge I've done... Fruit Loops! Always a fun challenge, but never too easy..ENJOY!!!Follow me on Social!FACEBOOK - https://www.facebook.com/megatoadTWITTER - https://www.twitter.com/mattstonieINSTAGRAM - https://www.instagram.com/matt_stonieTWITCH - https://www.twitch.tv/mattstonieMERCH - http://mattstonie.bigcartel.com/Mailing Address:P.O. Box 22210San Jose, CA 95151Credits:Royalty Free Music by http://audiomicro.com/royalty-free-musicMusic from 'Switchvilla'IG - @SwitchvillaBandcamp - https://switchvilla.bandcamp.com/album/the-funkin-epSpotify - https://spoti.fi/3bRpk4W"
"PvYKHLwItV4","5 ACTION CAMERA IDEAS to DO at HOME","2020-05-01T12:54:03Z","UC-Md_S_A6VcSJiAhStZCKbw","Jordi Koalitic","24","20.03.05","Jordi Koalitic|Koalitic|photography tricks|photography ideas|photography ideas at home|photography ideas 2020|creative photography|diy photography|diy photography hacks|tips|free photography classes|coronavirus photography ideas|photography|tricks|creative|ideas|top|camera|creative photography jordi koalitic|Action Camera|Sports Camera|Osmo Action|DJI|Action Cam|Sports Cam|best action camera|best ideas|mejor camara|photos at home|home photography","169020","5566","163","493","https://i.ytimg.com/vi/PvYKHLwItV4/default.jpg","False","False","#ActionCamera, #SportsCamera, #OsmoAction, #DJI #StayHomeStayCreative #creativelockdown 5 Creative Tricks with Action Camera to do at home by Jordi Koalitic. BUY DJI Osmo Action: https://store.dji.com/product/osmo-action?site=brandsite&from=buy_now_bar&vid=80181?utm_source=kol&utm_medium=social&utm_campaign=jkSEE MORE about Osmo Action: https://youtu.be/XQVvDSE-YRwLightroom PRESET PACK: https://www.jordikoalitic.com/store/FOLLOW ME:  - Instagram ‚Üí https://www.instagram.com/jordi.koalitic/TIKTOK ‚Üí https://www.tiktok.com/@jordi.koaliticFacebook - https://facebook.com/jordikoaliticTwitter - https://twitter.com/jordikoaliticWebsite ‚Üí https://www.jordikoalitic.comBusiness enquires: management@jordikoalitic.comTEAMWORK:My brother - https://www.instagram.com/arnau.koalitic/Sister: https://www.instagram.com/puigbabeauty/Music by: http://share.epidemicsound.com/RVTZDMy 2020 KIT for Photography:Main vlog CAMERA: https://amzn.to/3cATESiVlog LENS:  https://amzn.to/2TH4fm12nd LENS: https://amzn.to/2TNlS3LMobile record behind the scenes: https://amzn.to/2TJmbwfDJI Osmoaction : https://amzn.to/2PUJsu3My Drone : https://amzn.to/2IudJvuMy Smaller Drone : https://amzn.to/32UVhWkCam Stabilizer: https://amzn.to/2PNUbGLFILTERS (MUST) : https://amzn.to/38uGaUECamera Bag: https://amzn.to/2PR6IJiSD for Camera: https://amzn.to/38wgvuOND's For my Drone: https://amzn.to/39xry8vTripod: https://amzn.to/3cD5zPuCopyright Jordi Koalitic"
"aTtoHMamnzo","10 EASY PHOTOGRAPHY IDEAS at HOME ( quarantine )","2020-04-29T14:54:57Z","UC-Md_S_A6VcSJiAhStZCKbw","Jordi Koalitic","24","20.03.05","Jordi Koalitic|photography ideas|creative photography|photography tricks|photography ideas at home|indoor photography ideas|quarantine photography|free photography classes|creative things to do at home|home photography ideas|coronavirus photography ideas|photography|tricks|creative|ideas|top|camera|art|photography at home|creative photography jordi koalitic|creative photography tips|photography inspiration|inspiration|fotografia|fotografia creativa|best photos","1480125","28668","562","1238","https://i.ytimg.com/vi/aTtoHMamnzo/default.jpg","False","False","Lightroom PRESET PACK: https://www.jordikoalitic.com/store/FOLLOW ME:  - Instagram ‚Üí https://www.instagram.com/jordi.koalitic/TIKTOK ‚Üí https://www.tiktok.com/@jordi.koaliticFacebook - https://facebook.com/jordikoaliticTwitter - https://twitter.com/jordikoaliticWebsite ‚Üí https://www.jordikoalitic.comBusiness enquires: management@jordikoalitic.comTEAMWORK:My brother - https://www.instagram.com/arnau.koalitic/Sister: https://www.instagram.com/puigbabeauty/Music by: http://share.epidemicsound.com/RVTZDMy 2020 KIT for Photography:Main vlog CAMERA: https://amzn.to/3cATESiVlog LENS:  https://amzn.to/2TH4fm12nd LENS: https://amzn.to/2TNlS3LMobile record behind the scenes: https://amzn.to/2TJmbwfDJI Osmoaction : https://amzn.to/2PUJsu3My Drone : https://amzn.to/2IudJvuMy Smaller Drone : https://amzn.to/32UVhWkCam Stabilizer: https://amzn.to/2PNUbGLFILTERS (MUST) : https://amzn.to/38uGaUECamera Bag: https://amzn.to/2PR6IJiSD for Camera: https://amzn.to/38wgvuOND's For my Drone: https://amzn.to/39xry8vTripod: https://amzn.to/3cD5zPuGEAR:Sony a7rIII Lens Sony 16-35 2.8Lens Sony 10-18 F4Copyright Jordi Koalitic"
"npFtBmqlJH8","10 AMAZING PHOTOGRAPHY IDEAS IN 2020","2020-04-26T12:55:46Z","UC-Md_S_A6VcSJiAhStZCKbw","Jordi Koalitic","24","20.03.05","Jordi Koalitic|Koalitic|10 amazing photography tricks|photography tricks|photography ideas|photography ideas at home|photography ideas 2020|creative photography|do it yourself|diy activities|diy photography|diy photography hacks|10 photography ideas|photography inspiration|tips|jordi koalitic songs|inspiration|presets|free photography classes|coronavirus photography ideas|photography|tricks|creative|ideas|top|camera|art|creative photography jordi koalitic","1440534","35788","633","1241","https://i.ytimg.com/vi/npFtBmqlJH8/default.jpg","False","False","Lightroom PRESET PACK: https://www.jordikoalitic.com/store/FOLLOW ME: Instagram ‚Üí https://www.instagram.com/jordi.koalitic/TIKTOK ‚Üí https://www.tiktok.com/@jordi.koaliticFacebook - https://facebook.com/jordikoaliticTwitter - https://twitter.com/jordikoaliticWebsite ‚Üí https://www.jordikoalitic.comBusiness enquires: management@jordikoalitic.comMusic by: http://share.epidemicsound.com/RVTZDMy 2020 KIT for Photography:Main vlog CAMERA: https://amzn.to/3cATESiVlog LENS:  https://amzn.to/2TH4fm12nd LENS: https://amzn.to/2TNlS3LMobile record behind the scenes: https://amzn.to/2TJmbwfDJI Osmoaction : https://amzn.to/2PUJsu3My Drone : https://amzn.to/2IudJvuMy Smaller Drone : https://amzn.to/32UVhWkCam Stabilizer: https://amzn.to/2PNUbGLFILTERS (MUST) : https://amzn.to/38uGaUECamera Bag: https://amzn.to/2PR6IJiSD for Camera: https://amzn.to/38wgvuOND's For my Drone: https://amzn.to/39xry8vTripod: https://amzn.to/3cD5zPu"
"ma7S6icm5iI","Experiment: Coca Cola & Fanta & Sprite VS Mentos","2020-05-02T09:00:32Z","UCo6DJdltbIub80bLiyJRv3w","MrGear","24","20.03.05","Experiment|Balloon|Coca-Cola|Mentos|Pool|Tests|Coke|Balloons|Experiments|Toothpaste|1000 Degree Metal Ball|Car Vs|Cola|Water|Under water|Experiments under water|underwater experiments|Coca Cola|Orbeez|Coca-cola|tests|Coca cola under water|mentos under water|Aquarium|Coca Cola VS Mentos|Coca Cola and Mentos|Cola Cola VS Mentos in an aquarium|MrGear|a lot of Mentos|Fanta|Fanta VS Mentos|Sprite VS Mentos|a lot of Coca Cola|soda|Giant Coca Cola Balloon|Sprite","278332","3682","1724","426","https://i.ytimg.com/vi/ma7S6icm5iI/default.jpg","False","False","Watch other experiments:Giant Coca Cola Balloon VS Mentos - https://youtu.be/9jCVTQb26ZECoca Cola VS Mentos & Sprite VS Mentos - https://youtu.be/FXMm2sF9ZIECoca Cola VS Mentos & Fanta VS Mentos. Part 1 - https://youtu.be/ZAl6Lj22xoUCoca Cola VS Mentos & Fanta VS Mentos. Part 2 - https://youtu.be/D3E-WWCsnvICoca Cola VS Mentos & Pepsi VS Mentos - https://youtu.be/0KsbSX5Xl7ACoca Cola VS Mentos & Pepsi VS Mentos 2 - https://youtu.be/PYhfeBDaJyoCoca Cola VS Mentos & Coca Cola VS Baking Soda - https://youtu.be/d-IELCh3sSACoca Cola VS Mentos & Mentos VS Coca Cola - https://youtu.be/mrdiy_GP7uMCoca Cola VS Mentos & Dr Pepper VS Mentos - https://youtu.be/A_07UdV-6hkCoca Cola VS Mentos. Part 1 - https://youtu.be/D9RqqmDL9s4Coca Cola VS Mentos. Part 2 - https://youtu.be/sT8ODn62iv0Coca Cola VS Mentos. Part 3 - https://youtu.be/b7IZrDsxtwICoca Cola VS Mentos. Part 4 - https://youtu.be/3MI9UjtQIb4Giant Mentos Balloon Put in Coca Cola - https://youtu.be/z6klHRDGkqgHalloween experiments: Coca Cola VS Mentos - https://youtu.be/3MI9UjtQIb4__________________________________________Lining Up - ExperiaWhat Do We Do to Love (Instrumental Version) - HallmanTired of Waiting - HallmanSomewhere New (Daxten Remix) (Instrumental Version) - ConditionalProduction Music courtesy of Epidemic Sound: https://www.epidemicsound.com/"
"n7UFWriNFaY","Coffin Dance but it's on BASS","2020-04-20T16:15:21Z","UCgFvT6pUq9HLOvKBYERzXSQ","Davie504","24","20.03.05","davie504|bass|bass solo|Coffin dance|meme|coffin dance meme|coffin dance song|coffin|dance|dance meme|coffin dance song original|coffin dance original|video|coffin dance video|10 levels of coffin dance|Coffin Dance: NOOB vs PRO vs EPIC|coffin dance meme original|coffin dance meme compilation|coffin dance|funny|noob to epic|noob to elite|4 levels of|noob|epic|pro|noob vs pro vs epic|funeral meme|astronomia memes|famous funeral dance video|funeral dance","8069678","808146","10033","25458","https://i.ytimg.com/vi/n7UFWriNFaY/default.jpg","False","False","The Coffin Dance Meme Song (Astronomia) Played in 10 different levels on BASS. From noob to EPIC.What's your level?? Leave a comment NOWSubscribe for more videos: https://goo.gl/G9As1eReddit: https://www.reddit.com/r/Davie504/Patreon: https://www.patreon.com/davie504Merch: https://represent.com/davie504Twitter: https://twitter.com/Davie504bassInstagram: https://www.instagram.com/davie504/Facebook: http://www.facebook.com/Davie504My Signature Bass: http://chownybass.com/product/evo-davie504-signature My NEW ALBUM! Spotify: https://open.spotify.com/album/5m7SFVMTfNvv7dyqfa00G3iTunes: http://itunes.apple.com/album/id1122291881?ls=1&app=itunesDon't forget to leave a comment to let me know if you enjoyed this video, it's important for me! :) If you want to be always updated about my channel, SUBSCRIBE! and JOIN THE FUNK! :DHope you'll like it!See you soon and Stay Funky! :)"
"C9k7HlCydOM","Snack Hacks for When You‚Äôre Bored in the House and You‚Äôre in the House Bored! Quarantine Life","2020-05-02T11:00:05Z","UCH8NnRkxQg1zX7mHFRPq73g","So Yummy","26","20.03.05","So Yummy|So Yummy Desserts|Yummy|Cake|So Yummy Cake|so yummy food|food|cooking videos|cakes|dessert recipes|recipes|cake recipe|how to cook|how to bake|baking videos|baking|easy recipes|easy dessert recipes|food hacks|cake design|dessert|how to|tutorial|quarantine|snack|snacks|snack hacks|life hacks|do it yourself|hacks|office snack hacks|cake decorating|how to make|easy snacks|cooking hacks|easy cooking hacks|stay home|#stayhome","325174","5639","214","228","https://i.ytimg.com/vi/C9k7HlCydOM/default.jpg","False","False","Check out these clever snack hacks for when you're in the house bored! For more quarantine life hacks, cake decoration tutorials, and innovative recipes to make at home subscribe to So Yummy Check out our cookbooks for fun and easy dessert ideas http://bit.ly/2WB2wzSSubscribe to So Yummy: https://www.youtube.com/channel/UCH8NnRkxQg1zX7mHFRPq73g?sub_confirmation=1About So Yummy:So Yummy brings you fun food ideas and recipes for your cooking and baking adventures. We believe that home cooking should always be fun, interesting, and easy to do! Enjoy our collection of fun and easy food tutorials! With recipes ranging from healthy dinners to sugary sweet delights, there are a plethora of creative options to spice up your home cooking. Follow us:Facebook: http://bit.ly/SoYummyFBInstagram: http://bit.ly/SoYummyIGWebsite: https://soyummy.com/#SoYummy #QuarantineHacks #Snackshttps://www.youtube.com/channel/UCH8NnRkxQg1zX7mHFRPq73g"
"kTOgz1sK6PE","25 ART TECHNIQUES YOU WILL LOVE","2020-04-25T12:30:07Z","UC295-Dw_tDNtZXFeAPAW6Aw","5-Minute Crafts","26","20.03.05","proyectos faciles|trucos de belliza|howto|tutorial|handcraft|tips|5 minute craft|useful things|life hacks|crafts|diy|5-minute crafts|tricks|do it yourself|diy projects|trucos|diy activities|5 minutes craft|lifehacks","2526602","22646","2980","1469","https://i.ytimg.com/vi/kTOgz1sK6PE/default.jpg","False","False","AMAZING ART TUTORIALS AND IDEAS YOU SHOULD TRYAre you looking to unleash your creative side? Well, in this video I show you some amazing tricks and hacks to help you become a better artist. Not only will these tips improve your art skills, but they‚Äôll also help you experiment and find out which style suits you. For starters, you can add some glue on an eggshell and sprinkle some quarks to it. Then, add warm water in a glass bowl, add some food coloring, and some more quarks in the bowl and you‚Äôre all set.Another experiment you can try is the cotton candy vs water. You can add the cotton candy in water and then let it become liquid. I show you how to use glitter in your paints and some epoxy resin to create beautiful decorations for your home. One is to pour some glitter in some epoxy resin, mix it up and then pour the paint on round canvas to give some color to your room. I also show you how to use Coptic markers and to dry out some doodles for your bullet journal. Timestamps: 0:31 ‚Äì How to grow crystals on an eggshell3:19 ‚Äì Satisfying paint hacks4:51 ‚Äì Amazing tricks using markers6:22 ‚Äì Color changing doodles you should try8:34 ‚Äì Glitter ideas you should try9:53 ‚Äì Paint splatter painting This video is made for entertainment purposes. We do not make any warranties about the completeness, safety and reliability. Any action you take upon the information on this video is strictly at your own risk, and we will not be liable for any damages or losses. It is the viewer's responsibility to use judgment, care and precautions if one plans to replicate.The following video might feature activity performed by our actors within controlled environment- please use judgment, care, and precaution if you plan to replicate.----------------------------------------------------------------------------------------Our Social Media: Facebook: https://www.facebook.com/5min.crafts/Instagram: https://www.instagram.com/5.min.crafts/Twitter: https://twitter.com/5m_crafts Subscribe to 5-Minute Crafts GIRLY: https://goo.gl/fWbJqzSubscribe to 5-Minute Crafts KIDS: https://goo.gl/PEuLVtSubscribe to 5-Minute Crafts MEN: http://bit.ly/2S69VUG The Bright Side of Youtube: https://goo.gl/rQTJZz---------------------------------------------------------------------------------------- For more videos and articles visit: http://www.brightside.meMusic by Epidemic Sound: https://www.epidemicsound.com/"
"XI641BhgOnI","IMPOSSIBLE 100 BALL CHALLENGE!","2020-04-29T12:00:40Z","UCKvn9VBLAiLiYL4FFJHri6g","F2Freestylers - Ultimate Soccer Skills Channel","17","20.03.05","f2|the f2|f2 freestylers|skills|tekkers|tricks|football|soccer|billy wingrove|jeremy lynch|football freestyle|freestylers|football duo|football freestylers|soccer am|messi|neymar|ronaldo|freekickerz|skilltwins|bin shots|trickshots|football trickshots|soccer tricks|soccer skills","2695231","98370","2570","3633","https://i.ytimg.com/vi/XI641BhgOnI/default.jpg","False","False","‚ñ∫ Don't forget to SUBSCRIBE: http://bit.ly/SubscribeF2‚ñ∫ CHECK OUT OUR CLOTHING RANGE! http://bit.ly/RascalClothing‚ñ∫ SUBSCRIBE TO F2FC! http://bit.ly/SubF2FC‚ñ∫ GET THE FIRST EVER F2 BOOK! http://bit.ly/F2Book1‚ñ∫ GET OUR #1 BEST SELLING BOOK! http://bit.ly/F2Book2‚ñ∫ GET OUR FIRST EVER GRAPHIC NOVEL! http://bit.ly/F2GN1‚ñ∫ GET F2 WORLD CLASS! http://bit.ly/F2Book3DOWNLOAD OUR BOOK APP FOR FREE ‚ñ∫ The F2 App on Apple/iOS - http://bit.ly/F2AppiOS‚ñ∫ The F2 App on Android - http://bit.ly/F2AndroidTo keep up to date with us at any time in any place then follow us on;Twitter - http://bit.ly/F2TwitterInstagram - http://bit.ly/F2InstagramFacebook - http://bit.ly/F2FacebookSnapchat - http://bit.ly/F2SnapchatStay tuned by subscribing to our channel to see all of the amazing videos coming up in the near future! Love, peace & tekkers! Billy & Jezza"
"D8dHLJJuttw","Sayyidah Aisyah Istri Rasulullah","2020-04-21T06:06:26Z","UCXQ1CRi8ytBkk5Orwe5mslw","Various Artists - Topic","10","20.03.05","Anisa Rahman|Sayyidah Aisyah Istri Rasulullah (Single)|Sayyidah Aisyah Istri Rasulullah","170937","1766","279","432","https://i.ytimg.com/vi/D8dHLJJuttw/default.jpg","False","False","Provided to YouTube by PT. PELANGI PRIMA SEJATISayyidah Aisyah Istri Rasulullah ¬∑ Anisa RahmanSayyidah Aisyah Istri Rasulullah (Single)‚Ñó 2020 HP MusicReleased on: 2020-04-20Auto-generated by YouTube."
"cMUAtdYGGrU","11 FUNNY FOOD HACKS !  Funny Tricks & DIY Ideas by Crafty Panda","2020-04-20T11:00:19Z","UC03RvJoIhm_fMwlUpm9ZvFw","Crafty Panda","26","20.03.05","Silly Food Hacks|Funny Food Hacks|Fun Food Hacks|Genius Food Hacks|Clever Food Hacks|Smart Food Hacks|Food Hacks|Food Ideas|Food|Funny Lifehacks|Life Hacks|Lifehacks|Funny Situations|Relatable Situations|Fun Situations|Comedy Sketch|Comedy|Funny|Hillarious|Laugh|Useful Things|Tutorial|Guide|Step By Step|How To|Simple|Easy|Hacks|Tips|Tricks|DIY Activities|Do It Yourself|DIY|Crafty Panda","6481547","60455","11037","1031","https://i.ytimg.com/vi/cMUAtdYGGrU/default.jpg","False","False","Have you ever thought of an idea that seemed too silly to be true? Well, we are always here to test even the craziest of life hacks! Tired of your fingers getting all sticky from eating chicken? Try using hair clippers instead! Have some leftover popcorn that didn‚Äôt pop? Why not use a simple hair straightener hack for that?! Stay tuned for all of these and many more cool and silly food hacks!If you enjoyed this video, you might also like ‚ÄúFUNNY LIFE HACKS & CRAZY DIY IDEAS by Crafty Panda‚Äù: https://youtu.be/7QxVu9e-ZQ4Love the music used in this video? You can find our music on EpidemicSound: https://bit.ly/2JcUlBaCheck out our Merch at https://store.dftba.com/collections/crafty-panda00:00 Eat Chicken With Hair Clippers00:55 Fresh Chips01:32 Wrap Plates02:11 Chopstick Blender03:11 Hair Straightener Popcorn04:14 Sandwich Ham Fill04:51 Toaster Taco05:28 Garlic Skin Removal07:07 Magnetic Bottle Holder08:08 Salad Spinner09:15 Fork Shrimp PeelingSubscribe to Crafty Panda:Bubbly: https://www.youtube.com/CraftyPandaBubbly?sub_confirmation=1Espa√±ol: https://www.youtube.com/TrucosPanda?sub_confirmation=1Deutsch: https://www.youtube.com/HacksVonPanda?sub_confirmation=1Fran√ßais: https://www.youtube.com/AstucesDuPanda?sub_confirmation=1Portugu√™s: https://www.youtube.com/TruquesDoPanda?sub_confirmation=1P—É—Å—Å–∫–∏–π: https://www.youtube.com/channel/UCsiXd1g_bLJG09kfHCfrBaQ?sub_confirmation=1Arabic: https://www.youtube.com/channel/UCX8c8zd6_SY5aapRMkp030w?sub_confirmation=1Hindi: https://www.youtube.com/channel/UCKfkSZCohr9tDAKNN4atyGQ?sub_confirmation=1Little: https://www.youtube.com/channel/UCmh3maJSWbnwYvdtoUCOmcg?sub_confirmation=1Top Crafty Panda Playlists:Food & Snack Ideas:https://www.youtube.com/watch?v=NRZW4A5TNYU&list=PL_hNADyE5fYDNBcoo5eKGPgA2a5Rtxk0gFunny & Relatable Situations:https://www.youtube.com/watch?v=gs0Sykr4WZA&list=PL_hNADyE5fYBJTfvwEJ2j15g8DdIX14jPPranks & Fun Ideas:https://www.youtube.com/watch?v=fcEi1ttwl6E&list=PL_hNADyE5fYDZbdD7P8I-iHTTBZwHZSjcLike us on Facebook:  https://facebook.com/craftypandaVisit Bored Panda website: https://www.boredpanda.comGet Animated Stickers by Crafty Panda: http://bit.ly/BPandaStickersFor sponsored content, contact us at crafty@boredpanda.com#FoodHacks #FunnyHacks #FunnyTricks"
"VKgwy4rWjhA","[BANGTAN BOMB] 'Î≥¥.Îùº.Ìï¥' VCR time behind - BTS (Î∞©ÌÉÑÏÜåÎÖÑÎã®)","2020-05-03T06:59:54Z","UCLkAepWjdylmXSltofFvsYQ","BANGTANTV","10","20.03.05","Î∞©ÌÉÑÏÜåÎÖÑÎã®|BTS|BANGTAN|HIPHOP|ÏïåÏó†|RM|ÏäàÍ∞Ä|SUGA|Ï†úÏù¥Ìôâ|jhope|ÏßÄÎØº|JIMIN|Î∑î|Ï†ïÍµ≠|JUNGKOOK|ÏßÑ|JIN","1330211","390076","604","18929","https://i.ytimg.com/vi/VKgwy4rWjhA/default.jpg","False","False","Connect with BTS:http://www.ibighit.comhttp://twitter.com/BTS_bighithttp://twitter.com/BTS_twthttp://www.facebook.com/bangtan.officialhttp://instagram.com/BTS.bighitofficialhttps://channels.vlive.tv/FE619https://www.tiktok.com/@bts_official_bighithttps://weverse.onelink.me/qt3S/94808190http://weibo.com/BTSbighithttps://www.weibo.com/BTSmemberhttp://i.youku.com/btsofficialhttp://btsblog.ibighit.com"
"hOnV1X7ulRQ","Gummy Bears Challenge! Gummy Bears Hacks!","2020-04-23T19:00:06Z","UCWwqHwqLSrdWMgp5DZG5Dzg","Troom Troom","26","20.03.05","gummy bears challenge|gummy bears hacks|gummy bears|gummy challenge|gummy|challenge|yummies|gummy bear|food challenge|funny|bear|candy challenge|gummy bear challenge|haribo|challenges|eat|gummybear|eating challenge|gummy candy|top challenge|most funny|gummy bear show|sweets|gummi candy|gummies|troom troom","4019619","29974","3849","1423","https://i.ytimg.com/vi/hOnV1X7ulRQ/default.jpg","False","False","Subscribe Here: https://www.youtube.com/channel/UCWwqHwqLSrdWMgp5DZG5Dzg?sub_confirmation=116 Funny College Life Hacks: https://youtu.be/jzMWm4wSbrE?list=PLy0LaulZe0vSzNLVwlQZVJszbLCsIwl_C&playnext=1Do you like jelly bears? Then you will definitely like our new challenge! Indeed, in each task you will have to eat your favorite sweets!Supplies and tools:‚Ä¢ Haribo gummy bears‚Ä¢ Egg‚Ä¢ Shredded coconut ‚Ä¢ Toothpicks‚Ä¢ Pot and frying oil‚Ä¢ Paper towels‚Ä¢ Vanilla sauce‚Ä¢ Butter‚Ä¢ Brown sugar‚Ä¢ Sugar‚Ä¢ Vanilla sugar‚Ä¢ Flour‚Ä¢ Salt ‚Ä¢ Baking soda‚Ä¢ Ice cream‚Ä¢ Popsicle molds‚Ä¢ Chocolate glaze‚Ä¢ Pastry bag‚Ä¢ Chocolate bar moldWatch More Troom Troom: Popular Videos:14 Weird Ways To Sneak Food Into Class / Back To School Pranks:  https://youtu.be/W5p2ndS34vA18 Funny Pranks! Prank Wars! https://youtu.be/yWazGzCNtJ411 DIY Edible Makeup Ideas/11 Funny Pranks:  https://youtu.be/kewz3hF63Xo17 Weird Ways To Sneak Makeup Into Class:  https://youtu.be/bvhBIsmzhwEGummy Food vs Real Food Challenge!  https://youtu.be/jBIG6GsQcq8Popular Playlists:Funny Pranks: https://www.youtube.com/playlist?list=PLy0LaulZe0vRyRDcwVaqbvnbSqhSQNtS-Back to School: https://www.youtube.com/playlist?list=PLy0LaulZe0vSzNLVwlQZVJszbLCsIwl_CLife Hacks: https://www.youtube.com/playlist?list=PLy0LaulZe0vSljAapkasaxsIKJp7I-7j0Beauty And Makeup Hacks: https://www.youtube.com/playlist?list=PLy0LaulZe0vSUQifjokDaw5m9aIgOQKt-Home D√©cor: https://www.youtube.com/playlist?list=PLy0LaulZe0vRWdxuF7xEwK_eJV2cZ8dt0Follow Troom Troom:Subscribe: https://www.youtube.com/channel/UCWwqHwqLSrdWMgp5DZG5Dzg?sub_confirmation=1Instagram: https://www.instagram.com/troomtroom/Facebook: https://www.facebook.com/troomhandsPinterest: https://pinterest.com/troomtroom/Troom Troom Espa√±ol: Subscribe: https://www.youtube.com/channel/UCu6oyJJ6PlkeNNv6n26ZNyA?sub_confirmation=1Troom Troom Fran√ßaise:Subscribe: https://www.youtube.com/channel/UCyNeKmBHI10u4bwYEKimlZA?sub_confirmation=1Troom Troom Russian: Subscribe: https://www.youtube.com/channel/UCq1JpGFxcZTbbOAz010U-og?sub_confirmation=1Troom Troom Deutsch:Subscribe:  https://www.youtube.com/channel/UCzgmxZIlgfH1fgch7OpigIA?sub_confirmation=1Troom Troom Chinese:Subscribe:  https://www.youtube.com/channel/UCV3NWBs2K7pOEGmI4w_2dhg?sub_confirmation=1Troom Troom Portugu√™s:Subscribe: https://www.youtube.com/channel/UCgCQlMYN2XypwYC2wcR32bA?sub_confirmation=1Troom Troom Japanese:Subscribe: https://www.youtube.com/channel/UCPCwT9JMWPjg6xAWrQxhQaw?sub_confirmation=1About Troom Troom: Easy DIY how to video tutorials. DIY Accessories, Scrapbooking Cards, Home D√©cor, Make Up Tutorials, Life Hacks, and MUCH more! Make it easy! For any business enquires please contact me at: troomtroomdiy@gmail.comQuestion of the Day: did you like our Haribo challenge? Comment Below!Don‚Äôt forget to turn on notifications, like, & subscribe!"
"afKBOFONecE","FUNNY THINGS ONLY GIRLS UNDERSTAND || Girls' Struggles And Problems by 123 GO!","2020-04-30T15:00:01Z","UCBXNpF6k2n8dsI6nBH8q4sQ","123 GO!","22","20.03.05","DIY|craft|crafts|prank|pranks|challenge|challenges|fun|funny|123GO!|123 go|123go|friends|friendly|tutorial|howto|how to","3918311","44425","4336","3485","https://i.ytimg.com/vi/afKBOFONecE/default.jpg","False","False","After a long day, girls want just one thing. To take off those uncomfortable, restrictive bras!Just one of the many things only girls understand.If you‚Äôre a girl, you could relate to at least one of these awkward scenarios. Share this video with your girlfriends and don‚Äôt forget to subscribe to 123 GO! YouTube page for more fun content!#123GO #funny #girlsMusic by Epidemic Sound: https://www.epidemicsound.com/Stock materials: https://www.depositphotos.com https://www.shutterstock.com"
"m1ahSJK3egc","10 EPIC EQUIPMENT MALFUNCTIONS IN SPORTS","2020-04-26T14:39:03Z","UCy2WOudK6eTlvcFN9ik52-A","Trend Wave","24","20.03.05","mma|ufc|boxing|mixed martial arts|highlights|conor mcgregor|staredowns|staredown|jon jones|sports|fight|ko|ultimate fighting championship|fighting|anderson silva|daniel cormier|funny|funny mma|boxer|funny moments in mma|craziest|weigh ins|stare down|face off|most|knockout|moments|mayweather|ufc highlights|fail mma|conor|knockouts|combat|wilder vs fury 2|gone wrong|best","681462","2508","580","142","https://i.ytimg.com/vi/m1ahSJK3egc/default.jpg","False","False","10 EPIC EQUIPMENT MALFUNCTIONS IN SPORTS"
"XlqP7lbr3gY","Tower of God: A New Era for Anime","2020-05-02T21:00:09Z","UC7dF9qfBMXrSlaaFFDvV_Yg","Gigguk","1","20.03.05","Anime Zone|Gigguk|Top Anime|OP|ED|Tower of God|Tower of God Review|Tower of God OP|Tower of God ED|Webtoons|Webtoons Anime|Tower of God Webtoons|Tower of God Episode 1","534558","46633","565","7866","https://i.ytimg.com/vi/XlqP7lbr3gY/default.jpg","False","False","Download The Battle Cats for free here: https://pixly.go2cloud.org/SH1nGThanks to The Battle Cats for sponsoring this video!So I think Tower of God could start a pretty big shift for Anime and this is why. Also I had an excuse to talk about Veritas and The Breaker and I was gonna use every chance to take it.Edited by: Bakashifthttps://twitter.com/BakaShiftPatreon: http://www.Patreon.com/Gigguk--------------------------------------------------------------------------Follow me on Twitter: http://twitter.com/GiggukAZLike me on Facebook: http://www.facebook.com/GiggukAZFollow me on Instagram: https://www.instagram.com/giggukaz/"
"dMqKJk1lIhM","COFFIN DANCE (5 VERSI) Chord Gampang Gitar","2020-04-23T03:00:09.000Z","UCXGGpexUbm7R3UDQrTsnmMQ","Arya Nara","10","20.03.05","COFFIN DANCE 5 VERSION|COFFIN DANCE GUITAR|chord gampang coffin dance","697057","22126","685","1823","https://i.ytimg.com/vi/dMqKJk1lIhM/default.jpg","False","False","https://www.instagram.com/priabernadahttps://www.facebook.com/priabernada"
"qThhCTQlXbo","INI DIA SEKOLAHNYA ARI LASSO DULU..","2020-05-01T02:44:32.000Z","UC0rzsIrAxF4kCsALP6J2EsA","Raditya Dika","22","20.03.05","raditya dika","189288","10977","103","1179","https://i.ytimg.com/vi/qThhCTQlXbo/default.jpg","False","False","For business inquiries email to: management@radityadika.comInstagram: http://instagram.com/raditya_dika"
